Soil_Moisture,Temperature,Humidity,Rainfall,Crop_Type,Growth_Stage,Irrigation
39.34510772507856,23.702658576772393,45.70234102415436,13.45405988417796,Rice,Seedling,0
76.79642991664454,30.838018947567164,44.81872794431999,15.933627943827446,Wheat,Maturity,0
62.57960621774133,37.45891671752817,84.3752748312622,5.00935797584998,Cotton,Seedling,0
53.91280147280738,34.644497728191226,44.972771990970365,12.497481992139978,Wheat,Vegetative,0
25.141211628758374,36.131222957229,46.316983567717855,11.434919662874973,Maize,Seedling,0
25.13964382185317,33.175667334214346,75.56389574507782,16.65660753576542,Maize,Vegetative,0
18.775434790932966,33.84553129035705,56.984390547032405,18.12174120962521,Cotton,Vegetative,0
71.30144947537079,36.983913031306386,76.60263341731087,0.24313542954773615,Wheat,Seedling,0
54.072475763308574,24.993360177183717,33.92196945386311,13.480398381175853,Cotton,Vegetative,0
61.02471755674296,29.788499272862808,59.25427162040306,1.0367159823945804,Wheat,Flowering,0
16.33799212922716,24.424188836392045,32.016816010996955,10.977173301547118,Rice,Seedling,0
78.04414039052963,39.75336015993294,33.75919220732127,5.752654580873564,Maize,Seedling,0
69.10877165202741,38.88118679373227,84.38624720066466,6.135531990442824,Cotton,Vegetative,0
28.80204219408795,20.788536227370116,38.354722267055706,7.0591700690471315,Rice,Vegetative,0
26.81862286846154,34.11150345031377,61.94524093651303,12.425848980992203,Rice,Seedling,0
26.921293140473196,38.50496634831332,54.66573615604239,6.680999313375384,Cotton,Flowering,0
34.77574579236995,23.611506902546672,50.84059957553056,14.653981011805609,Cotton,Vegetative,0
49.10916805609546,31.358904611052587,83.99000074123634,8.090547711477393,Rice,Vegetative,0
43.07642621173753,38.30976595176084,31.30940380652937,1.3670640061991723,Wheat,Maturity,0
33.929894112872724,20.678919571715976,69.82738117053535,15.675196849682145,Rice,Flowering,0
54.77043815695467,33.9484053449368,87.80366605281303,5.71516649185412,Cotton,Flowering,0
24.06710094238272,25.946980147451015,63.610091007710515,8.655337591985253,Rice,Seedling,0
33.989402154789175,38.48792390753061,86.20934772198551,13.708877664438031,Wheat,Flowering,0
38.81351981408996,39.42116490330736,33.13547275716142,6.64912314297424,Maize,Seedling,0
44.64454897410734,38.88532978226868,55.12759914444968,1.1317131229343125,Maize,Maturity,0
66.0364374905459,29.484284333149276,45.60946745772307,7.478420940256272,Rice,Flowering,0
27.978795840293383,37.24085301978627,73.84925789884379,18.888971653886067,Wheat,Vegetative,0
48.42523849688475,36.8909879707014,88.8778254298348,12.834687945971163,Maize,Maturity,0
53.50694697603276,26.382009464865114,45.39180374665487,13.42958297334414,Rice,Seedling,0
18.019276826799853,36.57830948301355,69.25047608844446,12.645643072752797,Rice,Maturity,0
54.49041537359349,20.740152694309852,41.88585796558441,3.979842779188736,Wheat,Seedling,0
26.08406803967395,31.92539756964106,63.919815274296596,8.366677282045602,Cotton,Maturity,0
19.228353544043166,24.600176745754062,57.83594920130017,15.018795967266366,Rice,Seedling,0
76.67755992146667,22.411337715545578,88.32031977789222,2.027457951063183,Cotton,Flowering,0
77.76608214984635,21.539064032584182,66.51163636178799,5.557055521794245,Cotton,Vegetative,0
67.54582762756996,33.9257755175628,50.97038232520913,5.526382169317072,Maize,Seedling,0
34.799894996269096,26.797499275361325,36.845747093276,8.64037855189012,Cotton,Maturity,0
21.348687410414954,34.49533543057523,39.07480972409607,19.607374818843702,Wheat,Seedling,0
59.4751467232902,21.307126815978847,43.519015797074104,1.3500509336764388,Maize,Seedling,0
43.60991209307409,26.305806756612206,45.05799968041788,10.374019887611901,Maize,Seedling,0
22.932485264910625,30.789825847506744,81.03696347046827,3.587293640244209,Maize,Maturity,1
47.18649915723256,35.81446329677927,63.6733672969515,19.413530908194883,Rice,Vegetative,0
17.235253872489196,26.3750500586414,61.403454682461984,2.266070094549284,Rice,Flowering,0
74.10582613512084,32.517827528740185,36.88613231215305,8.072020047231824,Cotton,Vegetative,0
31.8206988040011,37.71955496472374,81.6083816009661,14.757699696692123,Maize,Seedling,0
58.06394848300883,32.31726376364609,73.36885819250902,14.091088560548906,Maize,Maturity,0
35.26121994581171,24.659189495072674,34.0601017140001,8.454572737878646,Wheat,Vegetative,0
48.804421376557706,20.48801563113076,72.47010583378612,6.930483359054365,Cotton,Seedling,0
50.53616815731318,37.401977478018594,62.61229304055876,7.952247571057411,Wheat,Flowering,0
27.015539609159255,20.425388217007743,34.9035207448067,5.285525263172786,Cotton,Flowering,0
78.02300080469631,37.49403345368399,57.498038491719385,4.106658774135996,Cotton,Flowering,0
65.38363351847244,30.578742680544238,59.08177722780282,9.6607939511778,Rice,Seedling,0
76.06743120167229,38.781353970257925,39.94647240979654,5.370675121352146,Rice,Maturity,0
73.16377777779718,35.97566471547331,86.74188882001694,5.749233297945002,Wheat,Vegetative,0
53.863498622720535,39.95868221066675,80.99852228883972,13.13512126949114,Cotton,Flowering,0
74.9218252765026,27.014236309034203,70.1413402397465,19.370746633997843,Maize,Seedling,0
20.75201263337477,35.34376577862254,57.73773366003643,12.072744011187503,Rice,Seedling,0
27.738886057244436,28.03861827218484,54.70593249507051,1.5395893412993256,Maize,Vegetative,0
17.939773779184975,29.597512406078177,69.05840802905725,1.5116722770813396,Wheat,Flowering,0
36.14647149961218,32.5501092643674,62.725912164414325,19.02846441691132,Rice,Seedling,0
40.26402382981633,37.47354228372677,33.73638635291314,5.945815806146673,Rice,Vegetative,0
32.63768706530323,39.681669383985906,60.7501589262199,1.8413397216495087,Cotton,Maturity,1
68.8679380948754,35.36546827729036,78.38421703397037,11.980891743007632,Wheat,Maturity,0
38.1889662350833,28.355335643346677,57.55439265581748,12.472975565805323,Cotton,Maturity,0
33.26074312967975,28.427140045541403,33.117394653256106,12.970096402373763,Rice,Flowering,0
50.27524540528615,34.75164603177783,77.17669196304199,5.348040557150826,Wheat,Vegetative,0
24.16007462335957,24.775542915366046,42.08182692815846,0.3022136842895007,Rice,Vegetative,0
67.14280374901259,22.209482262627894,45.51725009328233,19.300307389089436,Wheat,Seedling,0
19.845791839185104,27.09244315281553,39.882381205937754,5.01786091382205,Rice,Seedling,0
79.14765087903362,25.744779833081637,49.81290389228985,13.52052576105095,Maize,Seedling,0
65.19591000428272,25.9261624091198,75.4050903413181,14.132597397574191,Maize,Vegetative,0
27.91651929972121,24.672155020998197,61.16315157023624,12.200148341589713,Cotton,Seedling,0
15.358937613034156,20.84186379272724,42.29287644904275,6.258147884272964,Maize,Vegetative,0
68.00499284956422,20.357478694668277,82.66980468912246,5.421925075281315,Rice,Vegetative,0
60.94572735009511,39.75444779472063,82.77491129709175,11.953365654054062,Rice,Maturity,0
62.385465922664174,28.555462674717248,82.23470550276042,17.32191267223383,Maize,Seedling,0
65.13257253458647,27.686532943193633,44.32777268289236,18.934674578467913,Cotton,Maturity,0
19.812902362715874,33.5929456538614,57.07436065085929,2.1181160880751526,Maize,Flowering,1
38.300272355377714,24.365077757301282,89.0993793684525,3.096572251954397,Wheat,Flowering,0
22.531488869133433,38.99922367900451,76.32074857859942,18.89472517566159,Wheat,Flowering,0
71.10172268191357,35.72690028831104,31.63004527353359,14.730704566695852,Wheat,Vegetative,0
55.51437824379126,21.78822004624519,33.91227547562952,17.659876496595462,Maize,Vegetative,0
36.5083716154222,28.35161551569857,57.835882608739965,4.052652682706864,Maize,Vegetative,0
19.131292768591535,37.58236615124329,84.55321235169362,11.751717422188037,Maize,Seedling,0
35.213850911518044,38.8946404458282,62.32210787716285,14.022791888349474,Wheat,Maturity,0
36.13691593173856,29.348030224997395,59.868750482057415,13.602237708939453,Cotton,Vegetative,0
62.42440159197417,32.268227784214154,36.32842199739783,8.163033817333963,Rice,Maturity,0
56.441235638088855,23.340678921841505,69.40680628345764,0.30789783382616953,Maize,Maturity,0
72.66882826746122,39.82337252273953,79.32618963601354,11.658521136085263,Cotton,Maturity,0
45.693970135526705,24.63343402766887,52.825200450453735,5.062030783592175,Rice,Seedling,0
22.77362598598961,38.85463548270251,76.53671105551965,9.005084922857806,Rice,Seedling,0
61.36091116949468,32.99293297984737,87.8685992340487,19.151620301676346,Rice,Flowering,0
64.45102816009833,32.15473589757718,42.22598754766135,7.980706352848694,Cotton,Flowering,0
51.483017842017254,30.25377022033017,61.39977787168448,16.796032133288534,Cotton,Maturity,0
65.11286669704646,24.61339623435517,47.22827748507453,3.7708121149850227,Wheat,Flowering,0
47.0967137636854,23.530560640110167,77.57126514203037,13.449209960500577,Cotton,Maturity,0
48.97763390982961,24.409724181403508,64.65560195286946,19.54013908877887,Cotton,Seedling,0
42.79016619330572,23.72876524288509,68.07494505301823,2.037862017458736,Cotton,Seedling,0
16.652243238366186,35.591689471335066,77.87484957695364,0.16639884454384024,Rice,Seedling,1
22.01294275456479,27.002505183334602,53.75822835974729,8.671655852652286,Maize,Vegetative,0
17.042897069637725,21.156853531267927,84.90540410442259,1.852509661027344,Wheat,Maturity,0
56.36667673214573,39.38205260281623,61.9817320347684,14.967686993524627,Maize,Seedling,0
35.43313876996123,37.67571769926852,39.47728937012088,18.29097327697118,Maize,Maturity,0
48.05709492570568,38.55504566390426,71.75394709012815,8.680419454175176,Cotton,Flowering,0
73.99182080519606,39.8981564529287,77.59568102629527,5.174232843108819,Wheat,Flowering,0
31.20399489467687,23.477904984389745,49.0057006240516,8.688066380132195,Maize,Seedling,0
41.67488999731593,27.924840378053176,81.43075541992518,14.468956357000021,Maize,Maturity,0
64.11082400529816,35.164769514081826,84.36859528594599,0.18108323160741957,Wheat,Seedling,0
29.87188075695546,33.92041236107585,46.614269242668534,11.789079789693943,Cotton,Flowering,0
20.003694138871545,23.0779181267971,89.01128836291332,12.265833697747581,Maize,Seedling,0
33.83384443939492,36.31666249981235,38.442691682925506,12.75376493791871,Rice,Maturity,0
25.479383671510288,24.488811436733215,42.1209401041494,4.840441599617544,Maize,Flowering,0
75.43034740226724,24.47635229645246,41.053490354281564,14.281054467562535,Rice,Vegetative,0
67.5278246716871,30.73948845786827,83.63938260047223,1.8278297266355281,Cotton,Flowering,0
56.17124417317753,31.858798696834064,69.2575531394977,3.9854067293360163,Maize,Vegetative,0
71.64493836220166,31.601724156756223,39.12625699333637,17.54940093308964,Wheat,Seedling,0
67.23868499844244,21.829736747955096,56.41940510210094,14.774463014531328,Wheat,Seedling,0
27.127053827592327,37.549217252607605,66.91788150418813,0.274911080226905,Maize,Maturity,1
73.01633490184855,25.312000851774123,35.007845099362996,4.967525207396005,Cotton,Vegetative,0
50.057245724517294,22.590298425656083,82.94498210444033,4.288129659863291,Cotton,Seedling,0
67.48361008566405,37.774961597379544,78.21621212649211,5.4161265607394515,Wheat,Vegetative,0
73.24593449502706,39.11302996459507,60.31240641459829,4.951195405597728,Maize,Seedling,0
35.67022587317115,37.24255234530901,88.02759691555022,1.2505259148569148,Cotton,Flowering,0
22.15337509429899,36.19032149449756,55.06565875650598,9.178810331936408,Wheat,Seedling,0
29.815785565226207,33.10483961278044,89.04661914218987,14.654669495723303,Rice,Maturity,0
42.762006260706656,31.017147412182787,70.07519992821761,12.134634494348727,Maize,Flowering,0
68.17095978496205,21.739735198228203,68.0802763952365,13.457433371961596,Rice,Maturity,0
70.94748791166232,28.169064261413972,39.9572937177471,1.622983570724783,Rice,Flowering,0
15.451888484527396,27.45377034024628,82.91566549827864,19.029814203535743,Cotton,Vegetative,0
48.19857466754177,25.195075675206525,55.649381275236905,16.769836676860496,Cotton,Maturity,0
42.131715204670634,34.4684022737717,39.734004346948765,16.101806369913255,Cotton,Seedling,0
29.437007680597468,29.917514701575417,30.75645119854554,16.45967610083535,Maize,Vegetative,0
22.79124887668938,21.62092431815296,63.585341018302955,18.654210162655225,Rice,Seedling,0
36.944986141235816,24.403664038996226,61.64397732736058,10.885079322273954,Maize,Flowering,0
76.28913075431375,33.66517527319192,73.16121734214951,4.005640357352518,Cotton,Flowering,0
36.00819058134909,21.522617189806002,83.41548318106813,12.335672157050823,Rice,Seedling,0
48.721390413318794,37.02413828097538,34.76439507858177,14.85762987335878,Maize,Seedling,0
60.69623232818656,29.902930540279485,73.88978942042175,14.758347867080507,Maize,Vegetative,0
38.635924154654106,29.61173154653296,41.244716645854936,10.428980483337602,Wheat,Seedling,0
78.16583537686245,31.84815569319035,81.49062318942984,1.369174386671561,Maize,Maturity,0
77.55907417123723,36.49361931850298,79.14381083169937,7.422258768602557,Cotton,Maturity,0
31.36584922864867,26.95618415804386,62.44762529913266,18.415332169267145,Maize,Seedling,0
47.321152883005055,33.56032305118127,72.61456791739869,11.68897819514852,Rice,Maturity,0
34.55709013809003,31.314639279915824,48.861006791024906,10.766638865114269,Maize,Seedling,0
33.51463213453539,25.340565403388425,58.27007393596888,5.37707028764387,Wheat,Vegetative,0
17.39765157804463,37.57259972710316,79.2982138626283,7.368978398331578,Rice,Maturity,0
54.621681708693295,35.948520432138565,57.55591183039283,17.906921783063385,Rice,Maturity,0
47.674136509876,33.16903669316851,51.46789591952651,13.329260950536714,Wheat,Seedling,0
18.346118831249306,37.011634581884834,59.65274683501799,15.747740535046656,Cotton,Maturity,0
33.11202017537974,37.34588401919605,79.6949551462331,9.086908461353103,Rice,Flowering,0
74.0372825878325,34.1672595343007,50.11248284225236,12.604944389123158,Cotton,Vegetative,0
30.571522893353208,36.74026656727344,40.42569558814463,4.96767217486415,Rice,Vegetative,1
24.4181666859295,33.94942923338567,72.72084121984685,14.109216605669726,Rice,Maturity,0
46.8144294180416,33.60281543520601,79.55869276248491,8.552026674066745,Cotton,Maturity,0
79.06727951718905,32.372227564303685,36.038248711412,8.850910296294911,Rice,Flowering,0
30.733592648247527,35.054332791152824,44.39244676535668,12.986446491537633,Cotton,Flowering,0
58.68881058138211,23.172102105861473,38.51831938565964,18.725612429378533,Wheat,Maturity,0
64.50527499636664,37.617415183978565,50.87648469493,1.2801269321724185,Cotton,Maturity,0
30.446440359505978,37.436870554904644,57.021058734324754,16.494864746940152,Wheat,Flowering,0
62.33406265977087,20.584945660691183,74.92958021779839,5.847662208243863,Rice,Seedling,0
38.90590362675146,36.516335011295254,69.06885509290045,8.878389090127556,Cotton,Flowering,0
56.09987898858267,22.577397349468903,67.25571404870587,0.4382665755001791,Rice,Seedling,0
56.17943119945816,26.70237708518284,51.142496796579266,6.020921556686261,Cotton,Vegetative,0
49.8253544648593,34.87016512583216,80.4868531850856,10.052624852602609,Wheat,Vegetative,0
20.86883505353654,23.215197920966165,58.27723004388987,1.1235215469487803,Wheat,Flowering,0
69.29466221330047,36.35934048238124,88.74629628090926,9.821914587663302,Cotton,Seedling,0
35.85070422316283,36.64268355915484,68.04852829774421,18.542212577168545,Wheat,Flowering,0
27.123703175990524,30.149354675216724,37.57588449387016,2.1078643621561044,Rice,Flowering,1
17.650384201059655,20.12771743433667,70.57065372452604,15.288814561510087,Rice,Seedling,0
53.40804130723572,25.740762663498256,49.506240925901935,8.193421067519854,Maize,Flowering,0
59.041683519748354,32.33853836751484,71.17963180116584,13.10347429048676,Wheat,Vegetative,0
16.07820888031065,39.62372356054847,34.178468889744344,5.204731959704587,Rice,Maturity,0
48.28604878945326,32.63627054033337,40.49288623055756,3.1898452508271657,Cotton,Maturity,0
29.72222538786597,25.196071621283195,81.34423553434718,3.2092522854245287,Wheat,Flowering,0
56.93623137661424,32.68011406199223,43.63077342141089,1.409838912862893,Rice,Seedling,0
26.333817885324443,30.79970759431711,80.22246751457641,3.7129340980248604,Wheat,Seedling,1
59.91095297666028,35.596907903022874,46.75656530726462,13.284387699779366,Cotton,Vegetative,0
40.137797509534934,22.139612776539167,68.57291460352246,17.63381223687016,Rice,Seedling,0
75.88744926788775,35.22055805004056,71.64903441058986,16.282513711823235,Maize,Seedling,0
23.938861369489562,30.825331573522206,60.759285188703174,13.702686197489681,Maize,Vegetative,0
37.1693128182668,39.25984007717989,48.31864060180388,2.2086372682220534,Wheat,Flowering,0
22.37577888063829,26.837443320773723,42.75866258226577,5.783748925918997,Cotton,Maturity,0
75.10508518810659,32.652437862678966,31.991361273745575,6.1961375064493796,Rice,Vegetative,0
72.02705796976377,38.64056211020035,48.23678407444343,4.9991389279524245,Cotton,Flowering,0
31.766205801485114,22.050194559813583,69.18976743187699,10.300113194194463,Rice,Vegetative,0
57.89896299222164,38.74456974472902,86.29828910690895,10.71107629759345,Wheat,Flowering,0
68.11944301307904,33.757714446016266,82.27226893578313,7.137719503422204,Rice,Vegetative,0
51.08805275396505,21.356741182103438,75.96388659211816,7.07578317472872,Cotton,Flowering,0
49.42728759314042,26.019271338936324,77.30684059519791,16.571111958121627,Cotton,Vegetative,0
30.72039890852936,34.16344177290563,69.89909420855972,15.785856966393712,Wheat,Flowering,0
21.05167990738345,21.347012029375435,45.61721145396018,6.155916633614913,Cotton,Vegetative,0
73.31902426696624,31.643409203525465,84.43170184234978,18.275768877465186,Rice,Maturity,0
73.52717371561647,26.917661139059135,70.24393871435004,19.05630034005012,Wheat,Maturity,0
56.15159472276242,32.41831035534954,63.6264378588264,6.534850840600816,Rice,Seedling,0
37.036936418165546,20.914840676250257,36.65936815280887,7.088498975861097,Cotton,Flowering,0
37.698622349822955,37.430736123047524,56.82333262838553,10.112683068439177,Wheat,Vegetative,0
62.18711912656556,39.46977938354794,57.62149627211558,18.82241625067347,Rice,Flowering,0
73.31216689691752,39.377557105713834,81.87381657136021,17.52638866284623,Cotton,Maturity,0
72.66061757723263,34.9930366348585,62.798893211267306,2.051359251671796,Cotton,Flowering,0
65.69191048074555,22.60172480261264,52.824032938224576,7.854614865428324,Maize,Vegetative,0
56.7320570000287,35.16526391858045,88.60801971063955,11.067423794995436,Cotton,Flowering,0
20.469097724678175,20.49173832917603,36.643235599578944,10.0626494510308,Rice,Vegetative,0
25.505866416149892,20.442471030579945,55.352905698716675,3.8772613587378535,Wheat,Maturity,0
73.40602225426015,26.472204382990824,32.52148051028432,17.176335423363092,Maize,Maturity,0
54.417888877873345,29.772863808093316,74.39424724601582,13.538815659936747,Cotton,Maturity,0
15.597808355080927,35.40814835615586,85.08459313194903,16.758167497036073,Cotton,Seedling,0
21.595650286292088,33.665907532130106,46.80223977302937,17.175285586989443,Cotton,Maturity,0
58.12761499202363,28.918054127534965,81.50050060794726,14.967117073314796,Rice,Flowering,0
15.329002950004215,25.472533325633318,47.53309382771387,8.784212024994346,Maize,Seedling,0
25.45252334213741,39.94249000315422,84.64620969863492,12.210935100308491,Rice,Maturity,0
50.6676963088281,28.523626044719457,75.23771421580705,3.207308122394863,Maize,Flowering,0
59.97318785002506,29.02774048659351,78.29440661048632,13.472908349498153,Wheat,Flowering,0
57.37748186766903,23.272476423833382,31.08039333602727,3.585065114785615,Rice,Flowering,0
29.577505114936386,35.89619097499859,87.76862142444156,13.878991810203136,Rice,Vegetative,0
61.29164938758983,33.87364451562977,73.6002595242194,4.591963215079373,Wheat,Seedling,0
30.421190687292004,24.41539225577521,48.285065723168,2.3510260030043995,Maize,Flowering,0
36.1509803803524,21.647620912316853,79.76367989153081,3.3056898028591486,Cotton,Vegetative,0
63.52194133267157,33.60998604149426,46.891271904895795,0.03984270438140536,Wheat,Maturity,0
57.22613843806895,33.0902242856227,82.36523037396768,14.374792357070605,Cotton,Flowering,0
70.19952168212157,25.465190539964187,36.75482342471622,14.648020981167582,Cotton,Vegetative,0
57.74483799952232,39.0172712450082,72.22115864764774,10.298666998265189,Wheat,Flowering,0
51.94005921680566,23.021157835618006,62.44190859869462,3.227256021107674,Maize,Seedling,0
21.08885990882601,28.64669602085204,35.792068211726445,1.671086750213795,Cotton,Seedling,0
38.90152719886318,38.872318403351976,44.51362969553034,0.3825793287457402,Wheat,Maturity,0
32.23815389931215,28.394546338522446,30.74424217663889,3.314963539304414,Rice,Flowering,0
30.859326819640433,32.77051895328171,58.12607792787035,17.817110699662933,Rice,Vegetative,0
78.24568605890897,27.951887959255885,48.07591564560002,4.830736834033635,Rice,Maturity,0
40.551352103339426,25.4843040469734,65.90144905786553,7.085426544344314,Wheat,Flowering,0
72.98302608651235,39.67955295919656,47.83426846251703,2.1069096896266637,Rice,Maturity,0
56.02401068982209,28.18668012630086,47.99514669041908,4.447226094963406,Cotton,Vegetative,0
66.66273473020715,37.881984073582686,74.5915919238962,10.384491415604103,Rice,Maturity,0
47.67141105183749,24.599092117821723,32.88857015870121,12.155053661913051,Rice,Maturity,0
52.498752500713344,24.262094080501665,84.17369971151923,4.907046283324221,Cotton,Maturity,0
47.01365009822615,20.622681657690226,81.13583246347089,1.1546431845023442,Rice,Flowering,0
27.690794206872894,33.0333365075177,70.06828099358438,7.820657382547973,Cotton,Vegetative,0
61.959387491997845,27.370526874475225,65.59329420644306,4.684067418526682,Rice,Seedling,0
33.25020355865563,37.28716499679274,83.53814988837914,4.391078464596038,Cotton,Flowering,1
16.5805378180445,29.464198133831143,41.11981077172287,19.197256054269104,Rice,Seedling,0
56.95569923396591,39.363868558294435,34.73814973144972,12.32600971851448,Cotton,Seedling,0
26.512194161458183,23.71051031406242,44.370610194572286,11.137568863441917,Wheat,Flowering,0
76.12980798293944,37.37246335911222,77.67469672201142,8.315502070466438,Cotton,Flowering,0
77.00535750516818,35.53193705583483,32.080216003589,8.578886668602886,Rice,Vegetative,0
74.46618536432916,35.41843689288104,64.96841010500938,10.818100076761617,Rice,Vegetative,0
39.060315516603886,36.89566456233776,89.7262509714786,13.928596140722146,Maize,Maturity,0
16.00468007437638,35.22047981885998,81.34176563025237,14.04292192363659,Cotton,Seedling,0
75.34070656820215,32.52440643262831,61.28674134261537,3.4338781541089913,Wheat,Vegetative,0
42.83196964062543,22.624897553647752,33.81845455719854,10.002255041532539,Cotton,Maturity,0
77.83256323783851,20.65052358982504,79.88241086314258,8.239161900682038,Cotton,Vegetative,0
77.63529851080143,38.41695695631374,65.93871049063263,17.410539325387685,Wheat,Flowering,0
70.44561460537841,32.33300629041476,36.89597982357401,12.628378424367527,Cotton,Vegetative,0
34.13917798452307,35.93074581952352,35.63143708940137,10.650081328319636,Wheat,Seedling,0
40.03135235912514,29.630447030251002,84.57760916619554,2.3078928435783475,Wheat,Vegetative,0
70.3238836485957,22.346163779247888,70.15201577628471,12.11275778646823,Cotton,Seedling,0
35.59993033515805,22.50371584405101,79.75720795900534,2.3440781136046684,Cotton,Flowering,0
26.01702853459601,33.71130574457943,82.73873401693604,6.744131511315041,Rice,Seedling,0
51.19208205979276,28.606117897989254,64.30634112289934,2.8568392962866374,Rice,Vegetative,0
75.85006032045077,24.010494534006735,61.04678110530247,13.841472940487378,Maize,Maturity,0
60.24193678387324,29.83189093482874,55.82564461925941,4.125042276723052,Maize,Flowering,0
52.053976055808725,21.284178741502682,49.01679526746716,7.83718746376052,Cotton,Vegetative,0
21.316472095099954,31.639428038287974,56.07575765152271,17.913495552375572,Wheat,Flowering,0
54.97546973544603,25.379868088701954,76.43277934380939,4.086327667979406,Maize,Flowering,0
79.35350025677711,35.951182012743764,66.11540586090788,10.156101279175582,Cotton,Vegetative,0
24.105460990374063,26.207239178471475,83.55139739729077,8.38543322332044,Maize,Vegetative,0
48.69142740364289,29.104402981636024,56.602800862751266,0.36248082091459466,Wheat,Maturity,0
72.0292496753171,20.232410798162014,66.42537472312524,15.855162271456255,Cotton,Flowering,0
63.14996015402329,21.448937755891176,67.87845318551932,1.3809181262919945,Wheat,Flowering,0
60.30602316469242,27.849871128133696,65.50182973837954,9.485100419539073,Cotton,Vegetative,0
60.6614654591621,29.59877669434247,72.15802638513098,11.213565898778999,Maize,Seedling,0
38.36692482928409,32.00041096238607,44.246008102488375,12.568529132291742,Rice,Vegetative,0
34.08346987719207,25.833251574186065,60.741826652747434,13.772632586157512,Maize,Flowering,0
67.60847510610338,33.899637722530855,36.25348816850086,5.065447670454302,Maize,Vegetative,0
67.65737065414675,37.202447943784094,53.07067965868875,0.19957553316898746,Rice,Maturity,0
71.35970070770674,35.597019777867,59.26002411727586,14.468873247098239,Rice,Seedling,0
74.36063591617064,20.792376506967145,69.13345557272835,10.713131986951572,Cotton,Vegetative,0
48.23725592596096,29.610138945156578,87.0318631551722,16.722354064144977,Cotton,Maturity,0
47.598559154667974,22.098603568363497,66.03906399290136,16.427767258013887,Wheat,Flowering,0
66.88918663284039,24.84090031725055,74.61563497059359,16.866523355757664,Wheat,Vegetative,0
57.247655500554735,39.73325186534293,60.37596356971217,9.701893199590803,Maize,Flowering,0
60.62784702175072,22.849910858030263,68.04624188257988,6.672567916737313,Rice,Maturity,0
66.72652351334656,29.97776306902712,34.25593296802641,15.8311640518274,Wheat,Flowering,0
72.8503472181418,32.36311468636238,45.26349485051082,9.0258822605851,Maize,Maturity,0
36.969685195349825,34.04929941088208,51.711185592308325,3.66884392806869,Rice,Maturity,0
39.41289192159636,31.192973669738283,58.349601300390816,17.099480391229488,Cotton,Maturity,0
21.108826089656485,20.195416948383674,32.738924730143026,17.651197535446947,Maize,Vegetative,0
52.588209164751305,26.529226164879837,38.401445853199064,9.326195122803401,Cotton,Flowering,0
17.336247796788236,30.35423286769423,46.60885846747834,1.5139945461957494,Wheat,Flowering,1
45.26387117860991,21.757329982896668,88.29196145406304,7.756521798338625,Wheat,Seedling,0
50.27190125599248,27.012538624183616,49.88082042618305,16.070753189252066,Rice,Seedling,0
33.62518138833849,20.664062175827333,58.92246348672495,18.035480570924573,Maize,Seedling,0
53.4041619369857,21.571569943100414,41.76586276430358,4.069454849951917,Cotton,Seedling,0
16.982516246038212,27.93846552403192,66.64680426454609,1.3394722405054305,Rice,Flowering,0
17.427632268698936,22.654315080861206,46.84099293095846,17.547009062656773,Wheat,Maturity,0
68.46903644287778,31.35081696523116,42.419554706305604,7.788098779577506,Wheat,Maturity,0
38.41239169173208,33.78929938274531,60.99435770675875,10.835219285351265,Maize,Vegetative,0
23.258933322372513,36.01173398218165,30.33034794962525,19.361316241015178,Cotton,Maturity,0
48.94581190356229,24.0030048848962,30.45984195895352,1.331294558284457,Maize,Flowering,0
65.0495809514097,23.349651645181396,43.14412854611147,12.966360149041911,Cotton,Flowering,0
29.028366787294807,22.091356806688005,32.20328175004927,1.4821084514973415,Cotton,Flowering,0
55.487880928235015,32.72860499087273,36.48154524784148,7.509378569330007,Maize,Vegetative,0
20.54758522459492,34.129514529738024,50.331638960325094,16.076290903868934,Rice,Seedling,0
18.3593118759595,20.63172289651284,78.15514077478878,8.669444655112688,Maize,Maturity,0
49.53805105192962,38.7242449248738,64.32291860215804,19.94364707805901,Maize,Flowering,0
50.141282904656926,21.03942567302945,60.76006355738498,11.181185698932044,Wheat,Flowering,0
56.43294359738343,30.82592670602141,47.6093293924873,6.423243052719069,Wheat,Seedling,0
62.195936691973,34.18121038901833,85.90522316596898,4.402226518095063,Maize,Flowering,0
78.43038516506475,37.41938247492171,53.8209024742315,7.010410685723237,Maize,Maturity,0
48.55952263957769,34.281738642648556,35.22556600774629,7.450665475191016,Wheat,Vegetative,0
35.992170741180985,36.03456166139584,67.02399096706807,1.3742735544792195,Cotton,Flowering,0
66.68710265996575,26.78900385085612,36.83030360859608,7.391483988535463,Maize,Maturity,0
32.60409633203483,36.29650227493025,50.71338856810152,9.284770394784498,Rice,Flowering,0
43.533142345866345,21.6022969276935,60.44471632306853,14.454755044776093,Rice,Seedling,0
20.09966478724729,37.89633312121055,82.45335148111054,13.13458969443216,Rice,Flowering,0
16.64779832200474,30.951847523074726,59.61279482040712,14.175313104583084,Maize,Flowering,0
77.57214695406512,36.345955399249874,72.13552596189986,0.16727363753714197,Cotton,Vegetative,0
69.33870783329337,29.046365690366002,89.56901033994421,4.353347991610721,Cotton,Seedling,0
60.238323396090365,32.8715539039305,37.8893471938789,13.23368576799713,Wheat,Seedling,0
41.58194138692754,30.528053218722263,46.48389153117117,9.679787363594944,Maize,Vegetative,0
26.264130804604974,34.63179043510664,53.674564535858785,0.10626951336691892,Cotton,Flowering,1
25.168407773620594,21.63259964061179,55.30969071232988,16.089892848636445,Maize,Maturity,0
31.265788380698698,21.207041679811276,54.66126451593274,15.456191465806748,Wheat,Seedling,0
50.69973320589783,24.94206468020293,84.4566601533933,10.968383259871253,Wheat,Seedling,0
61.44873497550405,23.190893602263767,72.84195866801139,1.3292665155254424,Wheat,Flowering,0
57.912829486652534,37.435671331844034,66.47431284544223,15.330300990651693,Rice,Flowering,0
33.19570330148628,24.384279747160885,48.562363071766924,11.674271754627279,Maize,Seedling,0
77.0662432431076,39.51730511638263,79.42742305327768,15.639199543159183,Wheat,Flowering,0
62.96329958522495,26.737915835422136,87.30363068909934,15.034939847916808,Maize,Maturity,0
51.033013413241044,23.642358313773986,79.2718969530136,16.06004143915674,Rice,Seedling,0
54.7618485052329,35.79397014284958,30.093906311488375,10.360161328092497,Rice,Maturity,0
42.274004057806344,33.17415551001752,68.18408221100442,2.8064903638703,Wheat,Maturity,0
31.102514317575235,29.96391432906278,33.06812288652604,13.423149467593774,Wheat,Flowering,0
38.138224112332004,31.107271018752627,45.456433220023314,12.409475701039412,Cotton,Maturity,0
64.259997180184,34.384035565445274,33.5714820208663,14.845063743981743,Maize,Flowering,0
15.935576760934131,24.569094826625975,66.22772717696327,3.397620121014706,Wheat,Vegetative,0
22.544721632949553,39.92667832113484,71.1953948095564,3.8995039980057844,Cotton,Flowering,1
17.99017173141393,39.49586324293566,36.86925828395431,17.80819034438657,Maize,Maturity,0
17.64737215073306,33.006513726938735,53.030332982698766,14.999555969041417,Wheat,Vegetative,0
70.60493796071546,23.990849018582903,57.374190537332524,18.16456977400646,Cotton,Flowering,0
60.73776085970154,33.60456484862583,52.14318130565499,15.174306423278415,Cotton,Maturity,0
45.82129889067613,21.443968179583518,37.26150002911158,11.943106119806037,Maize,Seedling,0
21.359220442315095,20.61305004411612,55.136867411248524,13.082654740557473,Cotton,Seedling,0
46.9550318825941,25.153657770224275,75.07068286850509,17.782558478800198,Maize,Flowering,0
45.775665100736774,29.252459134786328,34.26045987199533,11.576135090238811,Maize,Flowering,0
26.25812154415099,37.36545010816761,34.810800844914205,12.647826486567748,Maize,Seedling,0
43.20035720046825,34.543381395326165,51.28627751015905,3.1295343200720116,Rice,Maturity,0
40.90280773582927,34.85413042399962,86.5035426971355,9.478424402322055,Cotton,Maturity,0
55.03025637339407,28.50986668896151,70.11435880337484,14.32794223916198,Maize,Maturity,0
56.28108730639685,26.91869985093926,70.7201974003539,5.418853966327308,Wheat,Flowering,0
17.944760635182895,27.420775259692054,51.715199450271896,4.045083610490698,Rice,Vegetative,0
39.34981995072063,39.752991274721154,65.6196474725123,6.276536164488311,Rice,Vegetative,0
55.680894521425365,20.80218382824965,30.607871041664602,4.830012559856669,Cotton,Vegetative,0
47.7038568077057,37.34062992244897,68.16576278457254,4.298252740727917,Maize,Vegetative,0
70.67183967724094,31.57350817144787,84.7972168545742,8.49701685736174,Cotton,Vegetative,0
57.815086055231426,28.77230838379181,66.75440810068915,18.15677027767068,Rice,Flowering,0
25.59073776029293,34.50515320830273,82.42191560798071,10.141192934774367,Maize,Flowering,0
19.58696858102794,29.733378828494057,73.43838332796562,3.7584076163064606,Wheat,Vegetative,0
56.75725308341052,37.468464761633214,37.23350498422141,1.5394333876174815,Maize,Flowering,0
16.723235185205418,38.01403728022517,84.14719843715051,13.923122902758504,Rice,Flowering,0
53.07541278277512,28.434418537469107,33.986630661346496,7.655975288727756,Wheat,Vegetative,0
76.11496569262223,25.536555944701032,62.03804835286583,16.436618931707187,Maize,Maturity,0
52.40582156193213,31.847006571867244,38.52822742760746,13.190215372815404,Wheat,Flowering,0
40.231045203423925,38.24726691233382,30.702396643854243,15.92482901082737,Wheat,Maturity,0
56.813734198752954,24.21324378011333,55.32205560765834,5.438920788368975,Rice,Flowering,0
44.78643788194858,32.45933167126965,47.702442459249376,13.847178449221163,Wheat,Flowering,0
50.46509130553577,32.63120440185041,59.16002962785618,5.281239693874376,Cotton,Vegetative,0
76.19521257047413,34.66226044830562,64.63199320407304,18.78136958900583,Rice,Flowering,0
40.09667145705033,22.631353702545198,32.624344338536844,12.727485630667488,Cotton,Seedling,0
77.47738664855441,34.31649929364177,37.38019770742474,6.490236003506842,Wheat,Seedling,0
73.84779172714414,38.18065041331282,63.51854378702552,5.390237245845453,Cotton,Vegetative,0
27.726423761304268,23.593662177404838,50.59004119035949,3.81853170143287,Maize,Maturity,0
19.508484556885755,24.750866498477553,73.75040925296688,13.892819177874555,Wheat,Maturity,0
21.550570089532734,39.42790188083279,69.13749891551637,4.374312259958546,Maize,Maturity,1
16.184418667350734,23.619539054189794,80.73626177939441,11.906065318549782,Cotton,Seedling,0
21.138792449135344,37.08770186739159,71.54956960015352,5.292700538507146,Maize,Maturity,0
59.3954402720632,29.845557128960696,55.79586464340889,13.239378895877373,Wheat,Maturity,0
19.627262149914884,24.94462148806354,70.37799734366595,16.298794570810784,Maize,Vegetative,0
35.73341596909448,37.41499802545023,46.52287045532511,15.560504862893064,Cotton,Maturity,0
69.91689521301456,28.90610510005331,48.37880992669276,15.217026618615634,Cotton,Seedling,0
16.512675822828683,30.296347078593804,77.3391095952476,3.7544481138450414,Cotton,Seedling,1
67.94045136828083,27.18466738799531,56.78517098409493,1.7676989396903742,Wheat,Seedling,0
33.320560360270996,31.85901702869855,77.90282043110115,13.978976569747712,Cotton,Vegetative,0
22.680713795407655,23.270477451700454,79.3453424200967,7.366944275887026,Wheat,Vegetative,0
60.28791574866979,27.821630733035214,81.45374025967703,8.646924528066947,Maize,Flowering,0
55.88128504069246,39.38824644670575,84.99811415047245,0.6229818558678213,Cotton,Maturity,0
72.03568087925845,25.16266865402255,55.859113230797774,5.191528985500984,Maize,Vegetative,0
62.779617847252574,33.13473329082584,49.13200909926833,0.6735280774892805,Rice,Seedling,0
67.22626047501515,26.503801284493896,64.93192479564684,17.583715452024954,Maize,Seedling,0
33.33224721713492,35.46946251373201,52.270345406257654,4.867933664370609,Rice,Vegetative,1
26.533570345681984,22.617473214366996,66.06445000801398,11.146743391460161,Maize,Vegetative,0
63.789958856655794,39.39642090157089,72.33515175862948,0.7795864132226082,Wheat,Vegetative,0
67.44425805237216,29.075790827672783,71.30430110952821,13.33694782611316,Maize,Flowering,0
79.38283423004377,24.72100926692928,52.47317322120728,6.460546915081878,Wheat,Seedling,0
41.82014899924272,21.469934946600254,40.01161210192517,17.958383739153316,Wheat,Flowering,0
39.181175576530904,23.395158101750816,55.83176030773245,17.762363778680715,Cotton,Flowering,0
65.4668424482298,30.395478971120355,38.55564864491453,6.505812367234956,Wheat,Maturity,0
37.15223011644616,26.740063528625726,83.4058221110285,18.019217913809356,Rice,Seedling,0
75.49922616423171,36.577667317652185,50.75264764427145,19.923153469975578,Cotton,Seedling,0
70.79682886979577,28.617750473236118,39.267584833399425,16.508313282478962,Cotton,Vegetative,0
42.88461177937619,24.9742854517526,31.526865594345054,16.897426955104578,Maize,Vegetative,0
63.80661940644733,32.3428997320806,68.74934317718905,4.980174722181799,Wheat,Maturity,0
64.04528681550435,34.135544337708914,68.21413904728459,11.534047977155126,Wheat,Flowering,0
21.70305147433562,23.340838158018997,50.4362499948775,1.345118279347357,Rice,Vegetative,0
73.66593893417183,23.35238432576635,34.30271333085906,1.8983587364333943,Maize,Vegetative,0
47.84140420911071,20.73342853867086,54.577733693713924,19.97785224066581,Maize,Seedling,0
68.71973529700321,34.72804030131281,48.67304970380361,6.532784988518219,Cotton,Seedling,0
35.80322406698976,33.2760905524361,70.62723838410056,14.963678240976927,Cotton,Vegetative,0
73.20900985225303,29.492617514996276,66.34675496716142,16.13330106053633,Cotton,Seedling,0
40.2981091177206,36.883408979383944,51.8756236918524,17.160465420144583,Rice,Maturity,0
15.704447346219393,36.113403059001065,43.0735532552994,19.95256594804313,Rice,Vegetative,0
73.84982846725214,31.707087287935042,89.28215796933551,4.829929705137356,Cotton,Seedling,0
20.93363399109868,37.36542561026518,57.24009727176689,0.8070165371939941,Maize,Maturity,1
35.75538644337696,24.116824200735365,71.29645414681423,8.22383035989172,Rice,Seedling,0
76.75402785830232,22.23839238795456,38.43317805470164,2.601613396578939,Maize,Seedling,0
76.78946455094115,25.394992230339792,59.13538197956387,0.4485177832411025,Maize,Seedling,0
52.2734627280136,21.141737121786296,31.652203192167928,7.208536542829722,Wheat,Vegetative,0
56.06941879103695,30.62339056002064,60.327307074627,15.67476502150473,Cotton,Flowering,0
44.14895892859079,38.73211384589923,87.84104442706214,11.323613824501418,Wheat,Seedling,0
34.058700160374194,20.786870813370193,53.05240277914801,6.255559784207081,Cotton,Maturity,0
36.36319544904454,22.442198280200536,32.3397607544947,13.086840109854394,Cotton,Vegetative,0
58.713699645007495,29.043980565668704,31.85734745516061,4.640363606176214,Maize,Vegetative,0
63.9043444134492,38.6775003505581,53.27920559681217,0.2876289214417005,Cotton,Maturity,0
66.45263784218015,26.32312209953501,39.60149618779164,15.287067728728548,Maize,Seedling,0
66.325179281646,30.144696173767848,31.401125779691156,12.474861697280183,Maize,Flowering,0
20.928396698164875,20.831457181007842,75.37281683701062,15.2460524900192,Cotton,Seedling,0
47.137319805667794,22.966864019241775,57.51138053291344,0.7787603337533122,Maize,Maturity,0
18.741319401081878,39.73260245917694,47.35468631835927,16.742392556613044,Maize,Vegetative,0
50.71937735104281,39.30237392872091,84.00499098098885,12.390524000726067,Maize,Flowering,0
43.69948258926951,20.098799618688194,36.96833761203153,11.267907014252803,Rice,Vegetative,0
72.70077187928948,39.03623570846478,87.35512973731915,12.492280962290632,Maize,Maturity,0
37.809475815885115,32.78239875631001,48.83800304264117,17.288664937367283,Rice,Seedling,0
22.60935606779438,37.35836589040044,83.30422033852088,11.73873013117814,Rice,Flowering,0
24.294459333434332,29.09479711267718,66.1765725887677,11.619007597763586,Maize,Vegetative,0
64.4981910616357,30.311920571585006,79.60244158448924,19.813583141315316,Maize,Vegetative,0
55.18417411555697,29.776931605138405,89.04078979262786,15.13460334137136,Rice,Vegetative,0
21.572973947981367,33.337285150922085,47.30432626912474,8.845876109022706,Rice,Seedling,0
20.46694239747483,22.793025095126257,87.66812912445558,14.147940000658554,Maize,Flowering,0
60.5629935448428,20.59947179745356,53.36891369414522,7.78460943383577,Maize,Seedling,0
19.72959541367258,26.158598831823817,53.130714284215344,4.57750924966998,Cotton,Seedling,0
68.42090385387316,34.09361525473294,50.42322625527034,11.937037537755188,Rice,Seedling,0
60.90574476517225,24.037069042458967,62.48445644085511,18.56364196227903,Rice,Maturity,0
20.287670741723485,33.468648666498346,39.24870259070923,18.582790400309253,Cotton,Maturity,0
20.514451415537476,39.398240922145405,63.22268912148067,6.838105562109806,Rice,Maturity,0
79.1315726025764,21.878014315788366,62.50228874460024,10.553549324433899,Wheat,Flowering,0
39.327601724147826,33.452042364502525,75.7141087562922,4.232717971397224,Rice,Seedling,0
39.091739559347914,28.875004386091423,80.01899771625514,19.912622189977668,Cotton,Seedling,0
67.83197187173766,37.362845087550106,56.42648101874544,19.622358157358715,Wheat,Maturity,0
76.57115752995082,23.542995788947717,48.13999496108963,12.990178594148947,Maize,Seedling,0
79.0900691484866,33.85251904452329,45.56009383902567,16.088281193549467,Cotton,Seedling,0
63.9695820418312,36.76230579296221,41.677430202292314,14.302003225674,Cotton,Vegetative,0
39.456873059509526,38.892284389480466,33.458854931941495,11.863164380789364,Maize,Seedling,0
20.42754658541347,33.66496056579292,50.546878730082796,1.066959939777954,Cotton,Vegetative,1
65.5145495352834,29.94349528016855,46.21486152784699,9.09528685105322,Rice,Seedling,0
51.29627623282733,32.35694480402428,87.98504315198444,13.49572604334821,Maize,Flowering,0
42.57443060105346,37.37809968957436,63.462529575002634,13.550632277673692,Cotton,Maturity,0
73.91303503115785,31.412194932776593,50.83662234183045,7.462452368447671,Maize,Vegetative,0
22.22783634989984,20.607741193936736,64.82805605962176,18.833839733160612,Maize,Maturity,0
47.020631778905845,38.61897391013956,38.351802080741734,3.34714064473562,Maize,Vegetative,0
15.73798690988224,33.790535020631225,56.642624952132174,10.007188924311212,Wheat,Vegetative,0
45.46294172961821,33.53026771554493,67.57405928526383,13.817679531016456,Cotton,Vegetative,0
18.65971291931943,24.31350304795434,59.33386990754708,13.942716117836184,Wheat,Flowering,0
22.723164557424674,33.17770940465314,54.10672803925945,12.97277913537631,Cotton,Seedling,0
22.639206040511816,27.877288113083168,89.63090333398189,5.505764269037203,Rice,Vegetative,0
57.19866963754413,33.024659540829845,82.81888572893561,3.1241313737324394,Rice,Flowering,0
63.49291715225252,22.131860606159815,67.40435748956641,12.718806536534217,Rice,Vegetative,0
52.91896973131538,33.15690609206072,64.16264167093696,11.986042322788755,Cotton,Seedling,0
77.54121565084523,39.98827451541333,67.23962878947503,3.5871202057848195,Maize,Vegetative,0
39.36658766904077,20.96424077721112,42.078726469345995,14.102782911411268,Maize,Flowering,0
33.57128560832095,39.54348368442635,53.70826459585912,9.103439834673129,Wheat,Seedling,0
71.45894333231492,28.13815921445741,32.36757197345396,13.355211832063059,Wheat,Flowering,0
29.53372950376442,37.415069006745185,58.5327622492096,16.747341595403014,Rice,Seedling,0
77.60946506363973,35.647709681165466,62.58147503745979,3.3945685715384633,Wheat,Seedling,0
15.790040854838063,31.340325219733355,43.664984166192575,0.3828973599367336,Cotton,Maturity,1
78.04212373599654,34.76898418502653,87.84173082993082,15.582051727915736,Cotton,Maturity,0
17.805394276787446,37.57031122602696,84.56727665623453,12.193948503052319,Wheat,Maturity,0
72.92430239037462,28.082806433020657,73.32859412735435,13.992791392442435,Wheat,Seedling,0
49.30057209060949,26.540663231264773,62.00319772592175,16.76309949977285,Wheat,Vegetative,0
79.54271174775452,33.351867711271694,82.19814957886109,16.05621869649001,Wheat,Flowering,0
19.796776707800927,36.15691883882517,37.83914062940777,19.218402938576492,Rice,Flowering,0
51.00052848608585,35.245702695532316,77.4305876564931,10.718701577042363,Rice,Flowering,0
78.00466481524143,35.95627297717269,37.489248838010894,9.769912653198107,Wheat,Maturity,0
49.00135987105968,28.71166629625866,77.65263975296432,8.037743997814601,Cotton,Seedling,0
55.910911478792066,36.35668432350043,46.546054095081416,3.073820856884091,Rice,Maturity,0
60.223664784000114,22.404181107412168,82.62543486109134,11.45214465764045,Cotton,Vegetative,0
44.54516920990526,30.88978195921699,86.64252562952387,5.540250486519575,Maize,Seedling,0
55.791275205464125,20.115173209962432,38.92775816430694,18.42615024425951,Cotton,Flowering,0
52.98043027500152,26.491716598005404,57.760536303923615,11.663816085541951,Wheat,Maturity,0
73.57527068191428,27.32923069742796,88.8592426897611,11.856803610162203,Maize,Maturity,0
17.954014722194763,27.923453832185107,59.004446158388795,7.0984932175402005,Rice,Vegetative,0
33.262607323494976,33.90934413379725,81.8128513508727,1.0397870395541498,Rice,Vegetative,1
76.77674646497633,27.771162025406916,65.32389132787918,0.6348753074597724,Maize,Maturity,0
72.86714595290957,28.973872452450614,52.51979447517611,8.46670288306395,Cotton,Vegetative,0
44.61768893107134,24.75088261748655,47.147013331552216,1.691307561944757,Rice,Flowering,0
55.30861885709989,27.4650358325868,42.193385465165235,12.136939110802782,Wheat,Vegetative,0
33.02977689377363,24.545392545263027,75.70789148266184,17.61946011279315,Maize,Vegetative,0
27.227875382044488,21.46391847536887,53.19243040938167,17.658296330374444,Wheat,Maturity,0
45.14039632109884,32.06897186762756,60.67652773204507,13.180908202644648,Maize,Maturity,0
37.967894821693434,33.36425597110033,59.53952880007091,4.224636629458621,Rice,Seedling,0
52.937647270306684,32.38980692019229,64.63674175398788,17.259936627177442,Cotton,Seedling,0
20.052751402724013,29.26988087601145,81.93462873747313,17.721868706264164,Maize,Maturity,0
78.33566249830082,27.595715603584594,88.84436061500577,3.933071699059174,Maize,Vegetative,0
79.10369839117419,37.26667299143651,54.45505251442901,14.748521715413546,Wheat,Vegetative,0
60.380511411283436,30.38163570272436,79.65113532637818,5.730390978542459,Rice,Seedling,0
49.84626381236782,29.58363755259462,75.87166767928306,16.052806247058594,Wheat,Seedling,0
35.1192950586113,20.512841316128714,64.41173708733439,19.944757998072053,Rice,Seedling,0
67.89667628095167,26.824956552523126,87.36282861671599,0.6005201065878563,Wheat,Flowering,0
59.507526216002155,27.60391237571714,42.02847093170416,17.947317315818637,Maize,Flowering,0
25.570101057417936,27.976455617938008,36.55585261857728,12.452610671973162,Wheat,Seedling,0
74.21026699209976,31.603447384546648,81.23771801732534,19.467652383296425,Cotton,Vegetative,0
68.46492079000598,30.67205093453757,56.34898899802489,9.300190350528553,Rice,Seedling,0
76.73699436397507,32.15810185586889,80.81813125242363,16.947758611427474,Rice,Flowering,0
62.1717680452434,35.29766523084257,83.5854123117249,1.2478813719655446,Maize,Vegetative,0
54.87198773582634,36.25971477432187,33.74745561714428,6.705581001565914,Rice,Flowering,0
42.18579735889023,34.36246152452989,83.00788577916364,1.3403307550241994,Cotton,Vegetative,0
75.62735141801086,39.110473919098695,56.89914332216533,19.50686266958141,Wheat,Flowering,0
71.29415281752654,20.364651653527233,60.62594934025393,16.339478145436736,Maize,Vegetative,0
17.93921355690231,23.915559713670923,67.59555066559261,17.05094842491941,Cotton,Vegetative,0
16.71385334232138,20.151257499562842,85.58295640380521,18.759304628677885,Rice,Vegetative,0
39.47011884707322,32.94949428309206,31.146965665785842,1.702069722395707,Rice,Vegetative,0
67.68596650081915,37.96061097899974,58.610608099069026,7.711951850266667,Cotton,Maturity,0
79.17294840547139,24.869645931525987,71.26332254583363,1.4206977808800425,Wheat,Flowering,0
24.777097921729332,38.54069089592613,73.3624174618937,4.215862031000572,Wheat,Flowering,1
53.618496497888785,21.205347805791217,71.55194589222648,4.587315540753448,Maize,Maturity,0
39.757905681016396,38.68872053611028,38.06610776448731,9.382144220951574,Rice,Vegetative,0
78.04443585794921,27.03245374479269,47.963735302300876,5.371243349072852,Cotton,Vegetative,0
69.73773000382107,22.02841656898433,51.52293152502081,2.019562136355222,Wheat,Flowering,0
69.49136580622397,29.717435183726515,78.2662324607703,3.349821781882154,Maize,Maturity,0
45.46505538667307,25.13553135441016,46.72559234487318,2.9455112710418185,Rice,Vegetative,0
41.963267651948236,25.697458039238455,42.64229783203219,19.461535958245967,Rice,Vegetative,0
32.771459675495905,26.14579929852573,87.44688114228578,15.185850138369473,Maize,Vegetative,0
18.66440728231026,36.06051795665327,30.531797106808135,19.35522930539124,Maize,Seedling,0
71.20695445657846,30.78322553350509,89.8692513409187,8.794809730158171,Wheat,Maturity,0
67.83856559345504,26.22615398312007,70.60927793144373,5.567369633253132,Cotton,Vegetative,0
79.98164876359849,32.206675666218366,79.70815796694703,15.965863944183734,Rice,Seedling,0
79.78139440980385,34.32301348446387,47.67716378077159,6.525078360822936,Cotton,Maturity,0
51.103060864170786,25.452480014670677,30.8589166600236,5.987667474106965,Rice,Vegetative,0
64.98418198673318,28.270982030507028,74.2721711136918,4.650119844156624,Rice,Flowering,0
76.40977244235782,22.43772186673895,80.04867582004054,2.593579564484707,Cotton,Seedling,0
70.22708039403174,23.622986990693605,74.42856791721115,5.129261220335319,Maize,Seedling,0
31.07762661330785,33.622357079299654,38.57101723805032,7.106394969477754,Wheat,Vegetative,0
44.285368795156074,23.62876695391254,75.20567533541814,13.479884162914608,Rice,Vegetative,0
23.395361984847174,30.503267673341202,76.13536692645846,1.2512968443890315,Maize,Seedling,1
77.01331677181696,34.18092523444865,69.5124309402033,4.210138793306859,Rice,Flowering,0
54.4013512393072,22.137538461894877,75.96695596773517,16.180472805833528,Wheat,Flowering,0
29.861782357725076,31.346244392578072,80.75528638066393,2.9384384716754153,Rice,Maturity,1
58.66054448638069,25.131255674027276,66.81624685424751,6.852902930450431,Wheat,Vegetative,0
55.178335629763225,39.2585375047516,35.31628283818074,17.2931784371628,Wheat,Flowering,0
38.28057667213463,29.670912934398494,59.25766858003265,3.098506222868853,Rice,Maturity,0
22.381243492975887,36.119850995503164,34.6589600802963,1.654736712363798,Rice,Flowering,1
58.652257713531974,31.004530843125234,54.45258186194585,9.690759901600217,Wheat,Vegetative,0
48.820000558746564,20.868250657096382,54.42638934753766,6.048390225570728,Maize,Maturity,0
65.20069546281655,32.66302751188044,33.960590648414495,11.268167289677082,Cotton,Maturity,0
48.81062757227957,39.028066844133136,50.92923203816876,16.076097809669502,Wheat,Maturity,0
70.3917975207051,32.03223640292663,36.65988592747889,2.7429697630548633,Rice,Flowering,0
50.87394452034156,36.3837771885358,78.49411260055334,11.6139816910857,Rice,Vegetative,0
51.46096814980011,37.68412926696816,86.86128155786824,10.110175207797278,Maize,Maturity,0
71.98248417279243,24.56159543897865,34.338988515476316,2.8815757202639913,Cotton,Seedling,0
41.22638630380581,24.240896798164535,87.30691243750209,12.479969710579649,Wheat,Vegetative,0
23.71098984929165,32.21961977701984,61.354595960204705,5.472808357215433,Wheat,Seedling,0
16.87087396036703,28.220569396134096,47.973940677232434,9.75668637088025,Cotton,Seedling,0
64.08392161878524,36.797226057334406,34.61172451656981,1.6454464855412376,Wheat,Maturity,0
55.3201208379752,38.00046246796022,60.03745608422507,9.191681144272462,Cotton,Maturity,0
60.765184926449535,27.068427586054362,77.67093266944492,6.129269360856407,Rice,Flowering,0
28.842670498079197,24.73741117948964,72.42518863600189,16.447624223707088,Cotton,Flowering,0
23.864145913140035,35.61051030487724,33.01356068783843,1.1395745399473656,Wheat,Flowering,1
15.945403268412326,25.49612071096272,34.374110122074214,8.3721454983666,Cotton,Vegetative,0
37.7881913224288,36.45228637027357,54.17239695795823,9.16862848262876,Maize,Flowering,0
53.34464964555115,28.474765072975256,47.717429642876596,14.500121525982374,Rice,Seedling,0
40.495862931482606,33.35099798582941,43.94305938336287,11.48575150180422,Rice,Flowering,0
43.435869931542385,21.910706276693364,46.86026993452282,13.344246743883621,Cotton,Maturity,0
73.77031514209364,32.47718649353146,78.20896459781308,15.540985713035123,Wheat,Flowering,0
37.63660535651452,29.035353574744583,85.75368321791123,17.244059473163777,Maize,Vegetative,0
48.4093167953877,31.732169263509483,54.30616167165398,6.2775099344494105,Rice,Vegetative,0
65.9374458281743,23.36028415489727,84.36666012794981,10.76045410727806,Rice,Seedling,0
40.77528085088256,34.73747489888364,49.28974207487292,16.802161568783998,Wheat,Vegetative,0
55.43563551481178,37.25594155086457,58.586219180627495,19.78902261930113,Wheat,Flowering,0
71.05364106853844,24.334796001815512,43.56173986895998,17.790386220875263,Maize,Maturity,0
76.71884053774673,21.914291110403234,68.42856253055064,7.429345252487536,Cotton,Vegetative,0
24.559776260387466,20.47277172092673,88.73886691048853,3.9033303443730083,Wheat,Seedling,0
75.22819563549714,32.83943000886532,66.20958576260273,9.787850748131774,Cotton,Flowering,0
46.98755905016998,32.141880721775614,51.46884504681293,14.832829036720845,Maize,Seedling,0
31.785885239432293,30.9339482542814,68.86904675943171,9.851381415065951,Cotton,Vegetative,0
44.843824155486985,24.63894192231951,37.375240707923254,9.66361726627337,Rice,Vegetative,0
78.70211739355601,27.81811991811029,83.31954481592392,16.764608421636012,Cotton,Seedling,0
47.02017610953652,31.88952670372346,60.185037046790185,7.228075581343727,Maize,Flowering,0
36.36885466868803,29.93533717718339,56.960984522378524,17.195893496232912,Maize,Vegetative,0
56.171055530587175,39.755710404297744,65.15188730721115,8.136096019034472,Maize,Maturity,0
30.60946522058255,22.72879505113466,67.48703176736414,6.564662113566788,Cotton,Vegetative,0
19.931116327063155,33.902891080951875,34.30654837359078,9.07979822399398,Rice,Flowering,0
23.3771819241922,28.086375362085843,70.95703327340414,15.24893917349737,Wheat,Vegetative,0
23.32297953225521,28.563992298512296,44.515900818931776,2.5200405572798856,Rice,Seedling,0
24.873675078299133,34.35195531316353,72.83715795039538,3.9283843174403477,Cotton,Vegetative,1
24.02376622221166,33.84872302648739,79.3520876630518,19.028896513261838,Cotton,Vegetative,0
56.65685841220895,39.825119874043764,78.23751045315122,3.5098325476271475,Wheat,Flowering,0
26.822205485944416,22.567885789082503,63.15005804447335,11.354546358621091,Cotton,Seedling,0
37.46837341605111,22.082192987683328,61.21019353864507,11.586289333238756,Maize,Flowering,0
73.29124664389076,34.48677634257482,38.5725576803647,9.792489241004896,Maize,Vegetative,0
45.8075066170867,31.56773834012818,76.52076902418813,12.894904971536372,Maize,Maturity,0
58.391253003866765,25.48321333119612,46.28456282680286,4.596534515952369,Maize,Vegetative,0
26.20079162810594,21.588387379779732,59.80172536907679,11.053245355534964,Maize,Flowering,0
27.498786222563602,21.71316499192861,47.056445575651004,7.4434651049379426,Cotton,Maturity,0
17.656460057321127,37.883817493282365,38.029701779981586,13.23334519258378,Wheat,Flowering,0
25.980779099690693,23.83734649437486,67.77346181350418,2.8244708674629893,Wheat,Flowering,0
33.10837203707731,26.467431242310415,33.25992208937423,11.417548336789524,Maize,Seedling,0
26.505681477988542,24.533128044539758,74.918714047572,3.705407107666474,Cotton,Maturity,0
20.765664694208617,27.09992611663875,49.055207715666995,5.572861262300728,Rice,Vegetative,0
22.84133162153905,21.38847685492187,30.00808158026912,4.3741960064716645,Rice,Flowering,0
44.950619922127174,30.38119581816541,60.66774835423379,3.656755597376342,Cotton,Vegetative,0
28.411691696376515,21.3522512718443,32.811114511656186,16.51421903121334,Maize,Seedling,0
38.6775409681249,36.00713015644723,46.57017346925397,5.714151353217806,Wheat,Seedling,0
47.722122605565694,24.67424163820866,72.41858924734296,18.542475637288987,Cotton,Maturity,0
59.875663860908745,30.800238292090214,33.76137729731195,19.398530506903818,Rice,Seedling,0
17.55528908967143,37.60158175122916,80.36030954136014,11.425209398741947,Rice,Seedling,0
66.96167592908778,33.01754738094388,30.229195359514986,2.860022453314528,Rice,Vegetative,0
55.81352531690901,30.659155731026708,44.809432152114134,7.490964867591625,Maize,Seedling,0
20.314337076676672,26.486675062307512,74.45424336912428,15.954645266964281,Rice,Seedling,0
71.78261056694052,26.660038261163958,48.97620898375841,7.34781457394141,Cotton,Flowering,0
74.85670603456785,33.389739103963805,36.11354328396081,1.740344366055775,Cotton,Seedling,0
18.970067390566143,39.88278722442335,51.61403512802568,11.135698218563759,Rice,Flowering,0
32.997047129568244,33.236783796987574,46.22359718307153,16.902417029920695,Cotton,Seedling,0
67.40308318654898,31.1556683474005,80.56271412963329,15.918527742870047,Rice,Seedling,0
63.63687987493779,34.61301020478492,48.80087505510859,3.5024628026070648,Rice,Maturity,0
26.993866258164527,29.30411224567436,77.33594830656043,13.455292288249334,Wheat,Maturity,0
28.60770601688617,21.202846852015703,83.51232868864409,4.410085268712942,Maize,Flowering,0
39.08068668143983,31.245936317558197,56.02904517459177,4.364150691043445,Maize,Seedling,0
46.493994037416385,39.1525056901076,84.59658863126353,17.481435466103704,Wheat,Vegetative,0
55.18656014946924,23.50605884715319,52.63908323779157,4.993379054804603,Wheat,Maturity,0
38.97938657203521,33.80009781641331,87.8447049894065,5.264946930360224,Maize,Vegetative,0
45.064756548654614,24.018673773181128,35.35737147153438,0.013067815225991097,Rice,Maturity,0
63.58561097869418,30.716553689461627,71.22115599019457,17.413380682510354,Rice,Maturity,0
17.384408187888862,21.93352899293439,59.62884242741572,15.851896264182695,Maize,Seedling,0
31.408401382361347,29.007418725163703,53.25892832733882,12.54657870181356,Rice,Maturity,0
61.36772308249591,35.12326657790492,67.96271272491606,15.005315278776845,Wheat,Vegetative,0
73.18844444966795,26.951430484779642,72.23142549805988,3.040971348489836,Rice,Maturity,0
48.2590337375183,33.29823448974436,30.261796179018546,9.16647189175151,Rice,Flowering,0
49.587376542245515,35.90899921579458,40.01718532483192,7.024387746975618,Cotton,Seedling,0
21.966180737085445,38.54355638958906,72.78276303805913,1.8755305251403298,Cotton,Seedling,1
44.081803843524554,24.69284163710907,69.98312481469239,9.722609704298481,Cotton,Flowering,0
49.6201223195765,27.986318316186164,87.96285030772063,18.414793006852708,Rice,Flowering,0
30.760582736257426,23.04832026660835,75.66226741504698,0.8011823810138896,Maize,Flowering,0
32.50081001170976,39.84967004316751,87.04636246388029,5.829218269875877,Wheat,Maturity,0
39.52347060180047,38.54001935848591,72.15243009208842,4.150818724114069,Rice,Seedling,0
16.304627855552212,30.79914260561119,47.883132518366594,4.762933073313926,Maize,Flowering,1
35.935145762906586,36.840665887528424,36.32189533505139,18.168691037587507,Rice,Maturity,0
28.744120454775402,30.41915954544084,76.90943180069613,9.361381084685803,Wheat,Flowering,0
36.28732789156445,32.471713760055195,68.64895328855496,9.325988258796375,Rice,Vegetative,0
22.784538568251328,21.78248864232033,32.89116074359777,15.211512849105645,Wheat,Vegetative,0
72.88427324809317,35.10540840993616,51.6030279540587,3.089844080098516,Rice,Seedling,0
53.58350948101317,22.554269672704695,87.40798892905717,9.745307082001016,Wheat,Maturity,0
59.141650744391825,36.521352605050566,60.02406874261207,8.599704282421195,Rice,Vegetative,0
66.296130509477,35.64056175340772,55.96374816118228,11.938213810933123,Wheat,Vegetative,0
47.39874293038872,34.17489395485953,57.46197630955764,19.99115406500877,Cotton,Maturity,0
20.64981872568254,20.723207610495244,42.53296344030982,15.388977881640942,Rice,Flowering,0
49.9119252182056,26.06256711890657,52.122430251887714,7.957314060348544,Rice,Maturity,0
53.14467267135714,25.262251398216858,52.188795359230596,16.55106104548094,Maize,Flowering,0
63.45356582198145,27.20272814943038,33.14130121124835,3.4141672662496036,Maize,Vegetative,0
43.057870504929156,21.752854935276773,76.0540577110751,0.6092737261792025,Wheat,Vegetative,0
23.292719681711645,38.73915646062126,54.99026591423274,4.088967449285461,Rice,Vegetative,1
33.44543387691709,31.076044814247524,79.3307932089854,6.808231122285193,Wheat,Seedling,0
38.60034926591128,26.11048621316047,81.02088006719373,10.211615149191198,Cotton,Seedling,0
56.98462068655408,27.939630341485667,42.71964328191949,12.302582810823996,Maize,Seedling,0
52.100589803479274,28.944050810096712,69.44120893020772,18.212114344288434,Wheat,Maturity,0
38.14628718336,32.011886667212345,58.3369082497789,10.197080191009153,Wheat,Vegetative,0
79.12349117154368,30.313588553929954,82.8094042752891,10.025512892514588,Maize,Vegetative,0
54.375363258197666,38.38783946428835,42.94444075058725,1.0048601964596426,Rice,Maturity,0
30.41974146283964,29.939269658116604,70.66879201860266,0.6982310531244762,Wheat,Seedling,0
21.615860720326243,39.84316029646625,66.46512733516334,11.023199238327441,Maize,Maturity,0
24.935844046981583,37.028499154901915,47.718088654309966,8.76357226496689,Rice,Seedling,0
30.98725234499303,24.170210287146716,38.196054219070355,16.783607899605972,Cotton,Vegetative,0
25.44428926187112,38.61190429287832,69.09838562863659,3.2135916942369036,Maize,Flowering,1
27.126856563334876,22.32732795770952,74.31584748793983,0.49943324234099196,Wheat,Seedling,0
33.531185965100065,36.34899416982383,48.937640625800995,8.980775358602518,Cotton,Vegetative,0
26.269283694159064,27.6124658695316,68.68995624133882,4.74957113504515,Rice,Vegetative,0
73.28975260071763,37.55948640890139,53.7078544566902,0.992287466776749,Rice,Flowering,0
20.215193468006746,37.361133802149006,72.79241299695707,14.49196573695258,Maize,Vegetative,0
49.093240322066556,36.11850800235243,41.95291649364319,2.2318599991449495,Maize,Vegetative,0
41.675793754328,35.80060872614123,83.41290015817046,12.166390000155435,Maize,Seedling,0
78.85461009905941,26.093582781960816,47.244575787934785,5.620995003337783,Rice,Seedling,0
22.282528640923402,21.618385661025044,52.06715926536917,3.4699210071004405,Cotton,Flowering,0
40.860613937973206,28.05960357530323,33.48551712482099,7.595030458386349,Rice,Flowering,0
78.01557816289898,23.470490299730173,36.690732739276584,16.028915524459073,Wheat,Vegetative,0
71.25796318310871,33.89902177804923,60.95171416273969,7.841871538091453,Rice,Seedling,0
68.10968461170319,26.92199453075571,46.05556060367829,15.015392984221114,Wheat,Flowering,0
31.76368375792109,39.5122040171983,80.12881354453165,2.5097259359830137,Cotton,Flowering,1
26.10769318035428,32.81944154690664,30.88160331929723,15.455428393301583,Maize,Maturity,0
58.46180929508802,36.44961127268722,52.74564292031617,4.738666498132973,Maize,Flowering,0
75.40943929329308,22.65049345483697,50.24073280614556,13.547862597777456,Rice,Vegetative,0
51.18958804590544,37.24028964545245,31.15965785505606,11.315631096819928,Maize,Seedling,0
52.15482481554349,38.455143810267884,37.462103940030616,18.582894344233747,Cotton,Flowering,0
33.198641087918475,29.741238376378718,54.81856049511812,7.74645035950628,Maize,Maturity,0
65.01704065747589,32.12505875501955,59.5718750668468,1.323303776688809,Rice,Seedling,0
27.157843656239017,35.29619601805991,54.25738483529214,0.3831097110250581,Cotton,Flowering,1
36.039150366275834,23.496772545208252,61.85626070472563,16.53717121945506,Wheat,Maturity,0
42.65336851006709,30.051321529268847,65.70790049434089,10.494712753228644,Rice,Flowering,0
47.994674614489576,27.973260555446263,30.595429267670138,15.504881036698986,Wheat,Seedling,0
30.756632606980215,22.92747984324498,57.845709567210235,4.688512000230293,Cotton,Seedling,0
22.46439360804823,27.350688445830627,87.8099544532553,6.901674910264674,Rice,Seedling,0
54.69030275870612,21.363446187709872,61.14193680777292,0.6020774442263788,Rice,Vegetative,0
33.76098596061662,20.51623813898974,70.65253604753718,19.229846491482242,Cotton,Flowering,0
52.780484392469795,22.703325783096457,48.71183147501299,13.357358134016268,Maize,Vegetative,0
25.03357649282315,39.26230223178348,76.43948268916574,18.664101755186124,Rice,Seedling,0
46.27410662056313,30.99059071790034,76.3752889125669,5.309928148581447,Rice,Maturity,0
49.618313115853084,39.3164432230644,61.27776285924834,12.229272224513217,Wheat,Flowering,0
18.368529893457747,28.649957566602637,88.56082939675281,13.569999365852755,Maize,Vegetative,0
36.87927808260484,26.23632266170519,37.533012885759206,6.350994005151769,Wheat,Flowering,0
23.736954001033325,30.122837256804882,31.01685989337486,16.9621847003126,Wheat,Maturity,0
19.119373080729904,28.790233772658205,76.20949270542576,18.943229258004955,Maize,Vegetative,0
79.34741510534644,22.11329368523488,78.42933224189295,17.697102353920087,Maize,Seedling,0
35.952999923357,32.816526293804124,37.21243374723458,14.781339518787451,Cotton,Vegetative,0
67.64183898055126,24.320763650191992,45.93496997751636,5.549293594499081,Maize,Flowering,0
31.55164255964465,32.391759097956594,31.053141801997736,5.632320842112635,Rice,Flowering,0
59.297676944555405,33.00402184796307,47.598516646833886,19.267206408920757,Maize,Flowering,0
64.41481089282962,23.04049706257296,76.38851243512029,0.20568991871384057,Cotton,Flowering,0
53.71651813950988,21.226992542213363,61.07763166275474,14.32099946484289,Cotton,Seedling,0
45.652452255760295,35.6152317213688,50.88573559009728,14.124923251105244,Cotton,Vegetative,0
41.769659419572456,29.196008475386403,52.30435769437982,12.453790818995948,Maize,Seedling,0
37.6764373252947,21.163275910109515,30.08121754292809,19.802176921737317,Maize,Seedling,0
75.41939437610867,39.89732634339534,47.98803165391415,6.237588715274505,Wheat,Seedling,0
68.99026150620239,21.155611219927334,68.78752449827583,6.799437275864964,Wheat,Flowering,0
77.72674919332331,33.90070457717106,88.45166662898143,1.578788058931111,Rice,Flowering,0
23.079319526560408,39.67357850526827,80.82364961903397,8.855962730874749,Wheat,Flowering,0
62.50638588823688,24.783602084318513,31.41569787873175,5.220970524696962,Rice,Vegetative,0
75.99212969336746,22.844987373743923,83.91363628049035,6.867734043552884,Cotton,Maturity,0
26.78014930076791,22.427698788448577,76.99190479791756,16.691435805112555,Wheat,Flowering,0
19.322257378840536,26.06550295135191,76.82256741425883,18.709690270549913,Maize,Vegetative,0
63.17284220385384,22.020916220212932,57.47974554021429,3.7146614401037126,Wheat,Flowering,0
52.340752356694274,33.84322683388264,53.88031757727017,7.450178631069317,Rice,Flowering,0
69.71887048928768,21.245835962601255,48.174943729991554,18.572611242307882,Wheat,Seedling,0
24.085204480708818,30.188442562995796,33.941691537261946,1.2361692137844527,Cotton,Seedling,1
66.69237527089285,39.93393707705954,43.69412180962195,1.8472105622275703,Maize,Seedling,0
28.105775803103395,36.279405390120374,44.79621809868148,3.2558197841245873,Rice,Vegetative,1
25.63763628627079,32.304388764620214,59.0446241826121,11.904256682537495,Maize,Maturity,0
25.677276865514543,26.125072415732234,74.84666439580164,3.0094454201199494,Maize,Maturity,0
67.94735681503984,32.47791672583277,58.428589703876796,19.36152762901467,Rice,Vegetative,0
58.23781934525301,30.540829278233034,33.47066696682964,8.934290545170407,Maize,Flowering,0
48.99925260999276,28.52166767780743,87.46738805929223,10.030359207003327,Maize,Vegetative,0
38.32398146802766,22.614207534803988,86.56345914564673,4.93317231610813,Wheat,Flowering,0
72.01803515285204,37.732084304809334,77.1113725889045,9.41920504869467,Maize,Vegetative,0
40.508931982471296,28.99569297642645,89.47967409385323,13.23827265274023,Maize,Vegetative,0
68.07896356565251,23.8924502364153,62.66893996801578,15.023542739080856,Maize,Vegetative,0
43.543769057064196,27.35518701754579,87.76610101519236,15.07736165419826,Maize,Maturity,0
39.501387912618995,28.282595050578543,34.53630243700505,11.557822253881767,Rice,Seedling,0
45.07418606852442,36.550757911337485,51.940844895682275,18.087195499877144,Cotton,Vegetative,0
34.58956182066923,34.67228761122804,43.52287608040595,16.348156946122188,Wheat,Maturity,0
63.59460971145632,35.386097872826795,41.7499850480562,15.140962293972509,Maize,Seedling,0
47.67682535601114,20.220625288572943,38.44817693356056,1.1121104336092125,Maize,Seedling,0
30.093825184543125,28.32307996359523,67.34481849395979,0.13755924439298628,Rice,Vegetative,0
73.47234726284695,29.626883032706473,76.8793113448383,4.248945543909459,Cotton,Flowering,0
39.95292938925874,20.383845536461134,64.69790396522164,13.270471878269046,Maize,Flowering,0
50.33093597240926,25.196264174900683,38.817762575292576,8.223949777650915,Rice,Flowering,0
73.92068721269555,35.2057964624427,78.66742619600825,8.048125185986235,Wheat,Vegetative,0
55.57546973440949,22.74219411457998,68.15728242982371,17.691737764592276,Wheat,Flowering,0
22.598372646043664,30.706202629051834,53.28994236761973,17.911256962636774,Maize,Maturity,0
76.08908803487589,24.30403744034475,70.44781773216377,18.183505281071714,Maize,Maturity,0
55.80102344964216,20.242415492877864,45.59429875456997,6.277561530300546,Cotton,Maturity,0
36.7688649527106,24.82402915199083,50.71153250965263,13.821116254785235,Cotton,Maturity,0
24.052684723120173,39.517475098201075,85.04915058791941,5.432663625487393,Maize,Seedling,0
66.61163730256924,36.030742237659794,47.43027034028522,3.8121966614889957,Rice,Maturity,0
55.30472913535338,39.19153288642067,58.19929608947619,3.6926491469473843,Cotton,Flowering,0
49.6749709784609,29.757080878527248,83.40846824376088,6.842152417271881,Maize,Vegetative,0
73.10301789831225,22.19472397355007,72.46328101605164,8.599152395596434,Cotton,Flowering,0
66.25881872959451,30.95918977947386,33.73219356988216,16.61898342110137,Maize,Maturity,0
24.858867182628828,29.08754669119922,38.83818265673822,2.397821869454242,Wheat,Seedling,0
35.26193440671064,36.887141654792316,30.47049544631501,14.698516947897884,Maize,Maturity,0
31.151794087940274,21.961651615684893,67.85530741374981,10.629098283786107,Wheat,Vegetative,0
63.356509017224006,29.764822740435562,56.8604055246251,5.75890685351985,Cotton,Flowering,0
17.17960825782566,23.000973293879685,38.05649105413653,9.856391690656492,Maize,Vegetative,0
52.04282951663557,26.4935185378012,87.47604726340623,5.9988413955404525,Cotton,Vegetative,0
64.55981457314488,34.747141547755994,61.7795834367372,11.92163910476612,Wheat,Vegetative,0
71.9897663895137,29.52036258737533,44.51359764677335,8.676878457104884,Maize,Flowering,0
37.23531366653398,27.517765702915387,60.03621426928245,3.2881105815775746,Cotton,Maturity,0
68.38172480368084,27.889525571400707,70.77721996410646,2.3316614911139344,Wheat,Vegetative,0
22.19106290208847,29.188935368119733,34.57435307841387,10.933913641442603,Cotton,Flowering,0
70.01939896274368,35.700330876741134,46.482228902873516,18.04826066572207,Rice,Seedling,0
23.28676305157886,37.84169377880469,78.41792945303962,6.8791537311537105,Wheat,Flowering,0
40.823673886423876,39.10669373007856,57.57989222415968,14.660002144452465,Wheat,Seedling,0
66.824198775671,35.7380677251059,62.794628521937696,13.173227098795339,Wheat,Flowering,0
24.744632777670297,26.308137914960255,55.96896013256816,18.63109828618962,Maize,Maturity,0
29.901340690121696,33.762694121730846,32.63399655858031,16.419620345982818,Maize,Vegetative,0
61.94641694554931,28.75206248110784,39.94498678920935,11.33210517810926,Maize,Maturity,0
61.802374875494834,25.09341244092102,56.73249832451346,13.140609964682145,Rice,Flowering,0
56.67459613754433,36.81743158851845,42.551127924475665,17.967729331680697,Rice,Vegetative,0
60.1066488903615,20.7685269792465,32.99874171958072,7.990375691738696,Wheat,Seedling,0
50.27708881759375,38.03523984270847,80.61897984310943,6.535894117155547,Rice,Flowering,0
31.36693882895193,29.22954929249468,88.87155174984696,0.21622167270392678,Cotton,Vegetative,0
37.47023957775477,32.74402953616561,77.58857243980437,16.531021483829285,Wheat,Seedling,0
26.80385159209267,33.187078444115656,81.22709530228002,16.019614008067297,Wheat,Seedling,0
74.04928648668584,37.90235481413073,44.518627819022726,2.0890903620030277,Cotton,Maturity,0
52.92046665979783,32.733393643344144,87.63761853079198,11.537147622654004,Wheat,Flowering,0
41.055342089636596,32.27867169520124,41.8155422672057,9.279633963337748,Rice,Seedling,0
45.030377236868624,21.3330408112138,87.08578862170994,2.3741819101822292,Maize,Vegetative,0
76.573417074768,30.36816043890408,89.68915763795707,19.61136454121447,Cotton,Seedling,0
24.967841202545213,23.003380016340834,72.70336834476292,4.293917749267109,Rice,Seedling,0
53.10493908109182,34.74867537442971,88.86862390750932,1.344683601811223,Cotton,Maturity,0
47.88276412749029,30.244438416253487,64.17238677402622,11.896947590038192,Cotton,Maturity,0
54.74452530325211,33.604555584167066,45.57250699056542,14.777333542660653,Wheat,Vegetative,0
16.177161948354634,20.833458012047686,56.219753139937254,0.6488689209437393,Wheat,Maturity,0
71.68805408136984,21.695840320916066,65.61365612272715,13.174352774540443,Rice,Seedling,0
75.5876883614348,34.326467761253646,34.3848937216209,10.645837519029088,Cotton,Seedling,0
51.73365693329858,21.441686719973468,67.34059587703476,2.0653001775009683,Wheat,Maturity,0
60.282303551998,21.42513455530517,88.87067020573767,3.4504775389272413,Wheat,Seedling,0
74.96245977652421,20.24216950469775,41.406458987023655,11.35948594632161,Cotton,Seedling,0
60.97051123037091,39.1300279659896,77.555706977303,5.9271522702657675,Rice,Vegetative,0
24.91503778942699,34.75016718918014,84.47392762677717,18.76631457302632,Rice,Maturity,0
52.45874341084286,27.065028170041284,86.62209556921326,16.374804589681016,Cotton,Seedling,0
54.43647801488563,25.930711625753105,87.60813626432683,19.671344130273262,Rice,Maturity,0
42.56849363465509,26.994064594916992,61.287578323288315,5.193416779008279,Wheat,Vegetative,0
62.868875315606985,35.49307062362364,88.63847447949021,19.39447265595954,Cotton,Maturity,0
75.73385595998596,33.22741222140829,75.43861242806634,8.624677395831156,Wheat,Seedling,0
75.16195333894046,23.70391135734936,39.700286174217716,6.9503759062750925,Maize,Maturity,0
44.304559141268584,23.482186706681688,58.614006388078195,1.0069905393870648,Maize,Seedling,0
22.360472979649092,21.967912994267948,73.09987052232023,1.0553051571920524,Rice,Seedling,0
79.01467793255175,33.206054394026765,44.840418949145004,13.840225118933095,Maize,Seedling,0
69.52837561898572,35.287453244434715,68.43691101293325,9.158579888680558,Wheat,Vegetative,0
23.103074278212347,25.30092856650008,69.99602874279715,4.530432520722114,Maize,Maturity,0
74.8547223701292,20.418899220618258,39.76198462851396,12.279406126504654,Wheat,Vegetative,0
71.54326353403835,21.643433349528546,63.905118747165375,5.057162365002224,Rice,Maturity,0
48.72447371319469,39.357200696900605,76.29761465871647,11.552635086888452,Rice,Vegetative,0
53.4329033234204,25.908895549548404,59.933739872156515,7.184174939653807,Wheat,Flowering,0
40.93517575155847,35.384462956762675,30.726187006566445,16.47104453223638,Maize,Seedling,0
18.559506523432038,32.49327137708528,30.54230814475753,16.413923215335586,Rice,Seedling,0
36.78782070698356,27.638792793057917,51.42176063820073,9.547007962448026,Cotton,Vegetative,0
67.18547415887075,24.113745243911104,85.57164410590693,7.016382186700312,Rice,Flowering,0
15.301081495299186,22.42772836318813,43.72060677621653,7.251195931181891,Maize,Seedling,0
36.67744615992437,32.30025936077733,68.06182133230124,16.11429051336436,Cotton,Maturity,0
40.88096508341131,35.49267561275576,43.324552241599235,6.56358965595224,Maize,Vegetative,0
49.930714190964984,32.878085070822614,49.300199379572916,4.18118747413692,Wheat,Seedling,0
74.79061506682943,30.606042664983164,80.88252537608903,1.6937668375061365,Cotton,Seedling,0
37.51248963378748,20.839024468632726,73.7316865361968,9.333862417688168,Maize,Vegetative,0
37.5519581232548,39.36977555188768,35.723956638792636,9.642641978396838,Cotton,Vegetative,0
62.93758112713365,35.97428383309149,55.72212125918602,16.818174208058142,Maize,Maturity,0
44.39416615783746,25.856440734019294,31.750185818715867,4.4247739289212795,Cotton,Maturity,0
29.599313491098826,39.599406587177015,58.85340879618054,7.619825473367998,Maize,Seedling,0
44.40856854862507,32.037631792726444,69.74604070206408,16.168114777873818,Wheat,Seedling,0
24.15570632468699,31.64845316414493,37.11015741588909,16.47247221497947,Cotton,Vegetative,0
26.465154122904515,34.96146358859065,47.333096334549936,7.692221519575364,Cotton,Seedling,0
47.39390522806618,36.23539576180275,53.87019753012942,9.182480465733619,Cotton,Seedling,0
42.230154217795615,33.12957214663005,85.17186147936299,6.065717816985659,Cotton,Vegetative,0
74.4649835694265,22.561914927324,89.59530092537784,18.65109756838624,Wheat,Seedling,0
38.55560344258115,26.765350119889966,32.69467793973695,2.372875314831606,Cotton,Seedling,0
52.73824276807282,38.561672806520995,75.66047540972352,18.6749884600294,Rice,Flowering,0
56.09717871476948,24.49231223687704,52.30344398414059,13.677329036706865,Wheat,Maturity,0
15.851139678241687,27.443340476750265,53.547491173768805,10.631443053734625,Rice,Vegetative,0
58.12992918108619,28.64153765888392,75.25589840082137,0.6531812156899175,Cotton,Flowering,0
26.57233784653384,28.788099793889046,85.10558592872451,9.511923836440166,Maize,Maturity,0
77.46957063551459,32.25879164989051,87.0557156701529,8.154962100054647,Rice,Maturity,0
24.663077303952342,38.861516754894154,64.62735516229924,3.224376239502451,Cotton,Maturity,1
41.95056804225654,24.8138542366501,51.42726955803017,13.128192070013139,Rice,Flowering,0
20.54772842511185,22.43002752601836,77.25294515152675,19.423018147365717,Cotton,Flowering,0
79.79682636998658,23.949409797198747,45.060082995738014,11.243776221290503,Cotton,Maturity,0
47.64267567153077,37.73849800418539,63.84444173001106,14.295065528878917,Cotton,Seedling,0
53.70002612580284,32.916216253104125,51.51470769149239,1.3690090513203357,Maize,Seedling,0
19.359971030247785,25.7181357847832,69.39786442247257,8.353339916339895,Rice,Flowering,0
63.74743057594656,36.318938779372345,44.42393477361041,2.3271697032899175,Wheat,Flowering,0
28.643863551213073,37.22739992726872,41.49557674408955,12.255916710730208,Wheat,Flowering,0
73.3735288136464,36.93028677380556,85.09434520052622,18.769643164283092,Wheat,Maturity,0
28.33407663133047,38.378530672791086,36.10822097697221,13.235554649432771,Wheat,Seedling,0
27.39470184313833,25.04482040346723,60.3574744640959,1.5360609662884306,Cotton,Flowering,0
17.375728410126168,35.10083857492557,43.251166977780535,7.093324099701657,Rice,Flowering,0
45.68435143214995,29.2107899454828,32.335797799540046,11.01326758881703,Rice,Vegetative,0
51.71467366207007,36.83997105780123,32.161129097485585,8.064155122665044,Maize,Maturity,0
19.271061562842903,34.569813543232264,40.51330632634964,16.672880209503447,Rice,Vegetative,0
65.40929508517569,35.52894892999449,82.00622127036002,16.293420094199785,Rice,Seedling,0
44.4637742586218,33.12323675362143,46.9487246386216,12.236620402064428,Rice,Vegetative,0
49.085367506292705,23.548575389394138,87.02755023451775,7.4691589026541045,Maize,Vegetative,0
43.64957855098483,30.900538377938766,64.89733757935161,5.106727475264883,Wheat,Vegetative,0
41.04959895689619,39.69339479049016,56.196851386125964,2.1174863642625863,Rice,Maturity,0
51.37662153503416,38.74776132994238,64.80533008016727,7.097953669731081,Maize,Seedling,0
25.090615985496314,20.863474715940235,61.00190311357606,8.263450344154391,Maize,Vegetative,0
26.825328482192624,23.296296314588744,75.5265752254395,13.516458502081472,Cotton,Maturity,0
71.01606536587863,22.63457546909124,46.949763958371136,13.16319648595147,Maize,Seedling,0
76.49750503868613,34.51959819970591,51.183023496018144,1.402162792825139,Wheat,Flowering,0
39.26510555818394,36.355706597138905,83.64565815199504,7.905186308623156,Rice,Vegetative,0
32.598403754330995,24.270227326213437,86.78739078902433,3.6355773443472383,Maize,Seedling,0
56.85997031053603,30.11705385903658,83.55349364918847,3.136254106336114,Wheat,Vegetative,0
41.567721121376266,36.814060560224,55.16687963743881,16.54604299474492,Maize,Flowering,0
16.650113117922416,34.65603089532501,76.82193018041289,0.8383043343251506,Maize,Seedling,1
25.149918828802374,30.844744109836967,58.58014399806593,8.383657518042426,Maize,Maturity,0
61.53819487508084,31.806953809175457,59.85239112876613,3.364073115330364,Maize,Seedling,0
57.83005622415984,30.1672109383256,42.28080654343704,17.58660431356948,Maize,Maturity,0
16.761239512726426,25.950969026376413,65.46781819551099,11.140810265500702,Wheat,Seedling,0
29.428190525641714,31.300439857180322,41.16815386520088,4.6276127275369605,Rice,Maturity,1
30.01986177822464,33.777706041001814,49.89388194403163,10.048545743327528,Rice,Flowering,0
58.673028333917344,37.46645831721615,81.3018120971961,14.629727194062315,Rice,Flowering,0
16.28118495403367,32.72582707958496,42.424548552651316,19.162360178388674,Rice,Flowering,0
21.7670578289973,35.22243074086316,34.269497110405965,4.408920084908379,Wheat,Seedling,1
66.99454554925731,23.20143269909146,34.14045555676898,17.723635442586904,Cotton,Flowering,0
26.605403033531687,29.231149488395797,86.44707123018648,18.686082283349805,Cotton,Vegetative,0
57.428497010371856,20.186632396541867,60.415226277710076,18.328410890641326,Wheat,Flowering,0
30.48188076803722,24.93357729043246,54.5647243090211,12.708287137238196,Wheat,Maturity,0
21.463690529357436,34.52923430226009,78.6527148604751,12.596413088694154,Maize,Maturity,0
30.806192414964514,39.83619902698727,80.14955567463096,8.064212663676456,Maize,Maturity,0
61.94735057061784,21.983561991744317,49.93146198693628,15.047957646075758,Maize,Seedling,0
70.62027042690858,28.029886317225767,71.6170834484277,10.625880367018638,Rice,Vegetative,0
68.96429119685445,36.00141937398319,76.2673689511132,13.548761424565889,Maize,Flowering,0
40.81692942519956,24.080712692577976,69.27904121195726,8.56915807697591,Cotton,Vegetative,0
58.425533877092,31.101698986045726,39.095704488005964,14.62992928086278,Rice,Vegetative,0
28.32397920202836,34.661425920593494,82.55298501102342,16.48943035209098,Maize,Maturity,0
34.05460246696586,32.31970900520358,62.34567316416052,2.9287251320563223,Rice,Maturity,1
73.26182820387278,23.760494692308324,46.94834558220022,16.65859431148456,Cotton,Maturity,0
15.845125028197842,27.107691373714786,55.513691126261634,10.805930635806146,Maize,Seedling,0
20.558054505540426,35.675835689707945,32.25426542393444,16.893318181804485,Cotton,Vegetative,0
28.512606584491778,31.084530282640333,37.672008073345054,8.626034126820292,Cotton,Vegetative,0
16.724593251798282,20.104592270858255,75.93280503095164,7.5808097076607,Cotton,Seedling,0
26.793303280836824,35.219815200561875,30.000698085321968,18.30121465034445,Maize,Seedling,0
52.89770146302999,20.70622709880478,54.993949708937535,5.0233853509680255,Wheat,Seedling,0
42.39259578851237,34.914675654624645,61.35061086513531,16.884246505722864,Maize,Vegetative,0
73.02366122000336,24.04961120330475,33.278065200058336,9.680411450188082,Cotton,Vegetative,0
68.13383151299865,39.161469602387605,88.38468977833998,10.281908851025195,Maize,Maturity,0
37.21812786036194,27.35881502604169,43.56751987498032,6.169365629789681,Cotton,Maturity,0
31.86252317303401,26.538632326761583,48.25192317817685,11.460844012380313,Wheat,Vegetative,0
39.68000653087235,22.977761006648894,48.23655073530164,6.504223925524226,Rice,Maturity,0
53.369171263462505,26.112084309804295,43.824999727040996,0.7853882848330462,Wheat,Seedling,0
32.424136653486954,37.53301523656401,30.088429325178684,5.4399721068871205,Wheat,Flowering,0
55.56967901019371,39.926686752544946,73.76068764527977,0.12758086813181357,Rice,Maturity,0
41.61175739243063,27.366190610136968,88.01072998795712,19.567095741137134,Maize,Vegetative,0
50.883066755378714,28.97221261909085,43.4576089971027,19.31494419639495,Rice,Maturity,0
43.34822439379558,34.441418764054745,69.78283150820535,7.9031059494461005,Maize,Maturity,0
34.140274370224645,37.723915609301486,74.51377961752291,14.56741708679292,Maize,Maturity,0
76.64946495254019,31.860886683735682,80.90552274543148,6.9161219682085,Cotton,Flowering,0
64.63437662038444,27.830513963556587,55.357751820816546,13.421863141719522,Cotton,Seedling,0
24.107356424819415,28.252436816972477,48.17585433842575,16.10860086091958,Rice,Vegetative,0
71.45041843336433,33.91236292993614,49.517708041381866,18.935124893844815,Wheat,Flowering,0
46.68302788621838,20.064365272085574,72.75727998591077,8.00424551699344,Rice,Vegetative,0
73.14589474811595,32.39178674919681,79.00676799033816,15.665959659120954,Maize,Vegetative,0
66.99059163657549,27.109860208827147,40.89683806539616,5.318569012642376,Cotton,Vegetative,0
42.638877790500175,35.88394662554168,52.25646048946591,19.806646075872965,Rice,Flowering,0
16.460505040807632,21.85981279646264,84.116411804949,0.5153919752870229,Rice,Seedling,0
32.464028360021494,31.76404533896781,78.40161118168436,12.070576130022419,Cotton,Vegetative,0
50.20622395295635,29.619457797722475,89.09150416574855,13.190119633026542,Cotton,Seedling,0
56.17608428869957,32.84651051810455,75.25489558092485,13.760911141482577,Cotton,Seedling,0
31.76269955315815,21.297071889659367,53.59171206167534,2.4077515757817802,Maize,Maturity,0
24.058144814733566,31.599675748562625,65.43827003967826,18.770595669462608,Cotton,Flowering,0
69.27046539195445,31.229691759190473,69.66085525483922,3.623665581001656,Wheat,Flowering,0
78.98614174573089,31.213201888323418,34.70734897902744,12.455068064796821,Rice,Maturity,0
49.169861849674575,32.06975333192909,62.669817546231904,4.453521582461699,Cotton,Maturity,0
26.15915358013973,33.529358744527244,72.55924970835657,6.144328340425417,Cotton,Seedling,0
32.69997622375898,36.0997799936154,40.039278240063624,10.929170834562488,Maize,Vegetative,0
16.195393975585336,25.396414402564286,76.83790304553344,8.34386837129153,Maize,Flowering,0
74.42942242643244,36.50098820360124,65.0263668308467,3.2045120195301258,Rice,Vegetative,0
22.653820387859174,29.96511364526907,87.13330714185568,3.4187280484169658,Wheat,Vegetative,0
52.47357090842648,21.541165582686624,32.5453378924135,8.362895763255993,Rice,Maturity,0
32.81358934466839,21.171018584879583,45.919568253328016,15.145659565510014,Cotton,Vegetative,0
51.02157016352657,26.684766373921214,66.09323275798944,17.95929293695577,Wheat,Seedling,0
57.342325242871176,35.69793954222935,47.79359473235584,1.6825532451876568,Wheat,Maturity,0
68.9332172409681,34.15361869481831,72.86544984427454,7.862078151188021,Wheat,Vegetative,0
28.41738266443921,35.77229929344813,75.54031695131586,2.0049112744575326,Wheat,Maturity,1
15.71472886280123,30.345381128832187,36.150957843988465,0.33184961265195767,Rice,Seedling,1
23.897565954472473,28.80397995910981,60.831267852406064,13.234373652879132,Maize,Seedling,0
73.50121172012683,22.94905053412568,60.53343333546336,12.048988839331756,Maize,Vegetative,0
71.80285504156349,26.56385507218623,52.156846212932464,3.260382276297724,Cotton,Maturity,0
53.83185164107004,28.680387323477504,85.97549175418033,4.676256661861283,Maize,Vegetative,0
54.03359592818747,21.772008593592346,79.65037919239327,0.4741550728903676,Maize,Vegetative,0
58.22738384550661,24.412239054224223,71.8325629145782,16.698944113888075,Maize,Maturity,0
26.399133110524225,31.964505881274775,72.85959814409986,19.49381192097103,Maize,Vegetative,0
74.43677648512238,34.713262284783795,57.70296862878715,2.709190735893816,Cotton,Seedling,0
42.220084117984754,39.966950227858995,85.25967126579455,4.629504275305962,Rice,Maturity,0
39.904004336217334,38.66226662687116,71.67572563519713,17.36819047893868,Wheat,Maturity,0
48.72965084338444,32.851303990703826,73.738863699349,18.529275959123698,Maize,Maturity,0
18.052787840378578,28.42496106588144,81.70145422724072,8.392547656136207,Rice,Maturity,0
25.808418969145162,32.72354729416465,46.444295360531456,1.0124494453814825,Maize,Vegetative,1
62.97218506771408,35.71303236160464,78.42425423200217,0.787836673856388,Maize,Vegetative,0
20.38191341513322,22.366723818467747,41.71443617738952,11.47899732138021,Wheat,Seedling,0
54.20488711531523,28.198097793925765,50.72051713469327,7.857902177863581,Wheat,Flowering,0
30.947692129285862,36.79604571271234,50.136627256190565,0.5730485515530903,Wheat,Flowering,1
40.304214912728476,27.67665903866088,88.71152810334843,11.665047846251134,Maize,Seedling,0
33.76509289009549,31.437445424543732,81.39223342487561,0.22605073178044943,Maize,Flowering,1
38.118726570221696,31.755387217243964,72.07019169541559,15.74743916298546,Maize,Seedling,0
61.73798383697596,23.689525062672786,73.62340569692341,6.128656454067432,Wheat,Vegetative,0
34.31291151550637,27.244708833045767,63.724367664154265,0.805160060184642,Cotton,Maturity,0
51.816301619298315,26.690225774838645,86.82544002651115,11.767044419663065,Rice,Maturity,0
45.94327614294148,20.523934170641297,59.77552517294169,7.953688288661094,Cotton,Vegetative,0
58.13862574857213,20.483835277827104,52.831062592193675,19.47600826714299,Maize,Maturity,0
75.89393305610926,36.63394087351547,39.78212021589546,10.883973250074044,Maize,Maturity,0
62.61718631866627,25.46141619945625,77.17233913566348,5.504783620740166,Cotton,Flowering,0
28.97112460839919,30.36157532477631,74.06663592453549,14.188777292679495,Maize,Vegetative,0
17.026903778983502,25.97451147177546,53.06130231144809,5.429840050854226,Rice,Flowering,0
32.04716287948863,38.813584902306815,31.51160483755376,18.0848658281513,Maize,Flowering,0
53.680065495516565,25.185935177315475,80.33983966308065,7.494439410147528,Rice,Maturity,0
18.342677876476273,28.593136254778702,30.68507900724442,10.997371255524104,Cotton,Maturity,0
47.26380606808036,37.45460500969204,72.22198677774306,1.0114620764845772,Cotton,Vegetative,0
53.794785179597795,36.838671335836175,88.21542658356341,8.522424759044615,Maize,Maturity,0
36.72585290310245,23.722028356925545,56.259679688892206,16.6472707932199,Rice,Maturity,0
65.10929324347842,36.052866195914206,44.09840429975716,16.11297610726684,Maize,Vegetative,0
21.928886453695167,29.163737734757852,72.29226060260291,4.4863711770705255,Wheat,Maturity,0
19.88395581282757,29.659377441707104,79.0276885209351,4.521581420211254,Wheat,Flowering,0
62.332269153234215,22.669599448318877,62.78581896467084,16.346106244264735,Wheat,Vegetative,0
47.2069355534029,21.612030275142494,88.02211651536877,18.60796840338651,Wheat,Maturity,0
59.74615576780284,34.5587861394753,33.100123299477666,1.907218425460071,Maize,Seedling,0
43.263777009243505,29.929223047105996,60.28773589827169,9.001172788524505,Wheat,Vegetative,0
31.016132160541943,28.737014052303593,73.107236839353,6.749085579284579,Rice,Vegetative,0
68.24165064882298,34.590164573047936,81.75842826895074,17.413769109148788,Cotton,Seedling,0
66.96203213298365,35.3102579798222,40.755336714467404,1.6704982936003754,Cotton,Maturity,0
60.15527060553774,23.17816335338707,78.00020890582088,4.222518851160748,Wheat,Maturity,0
32.689433919947575,32.20450298955282,63.162424543112714,15.049366751729886,Wheat,Vegetative,0
53.364993346490664,22.70708164555371,53.7932209193978,1.0258769796243117,Wheat,Vegetative,0
38.463303301101746,35.027501720580915,37.90290171474561,9.850707614285785,Maize,Maturity,0
20.95283476623122,33.13910312534279,81.91774553453475,8.8421406935944,Cotton,Maturity,0
74.62538240504578,39.13229242166916,39.43639249078292,6.688023579774973,Wheat,Flowering,0
23.89321100973249,21.379160327128425,48.58727155254596,7.891446306378476,Rice,Vegetative,0
76.76542799835215,21.141094423025088,47.40273191774621,10.59881173860466,Wheat,Vegetative,0
43.99037524226712,25.643741493864002,82.28484205145125,3.2273471677676624,Cotton,Seedling,0
